iso,Country,mid.date,source.detail,data.type,GDP,GFR,SAB,Births,Women,Deaths,PM_na,region,prop.AIDS
AFG,Afghanistan,2006.917,AMS 2010,Sisterhood,831.210951086132,0.214916729033519,0.251074466904378,1308048.427875,6086303.44299998,23101.920434075,0.346743951612903,Southern Asia,0
ALB,Albania,1990.5,VR-WHO,VR,3534.7344,0.095706564020262,0.882357810672106,78216.4,817252.2,1072.6793662,0.0641119586659279,Transition countries of South-Eastern Europe,0
ALB,Albania,1995.5,VR-WHO,VR,3430.397,0.0858616056900532,0.946435554635812,67807.4,789729,979.8971488,0.0366886706406835,Transition countries of South-Eastern Europe,0
ALB,Albania,2000.5,VR-WHO,VR,4745.4242,0.0662635839553738,0.976539219464181,52618.6,794080.2,1055.2211786,0.0182961539287133,Transition countries of South-Eastern Europe,0
ALB,Albania,2005.5,VR-WHO,VR,6114.0436,0.0515510135401176,0.989904835174976,43074.8,835576.2,1013.748798,0.00948689347462355,Transition countries of South-Eastern Europe,0
ARG,Argentina,1990.5,VR-WHO,VR,8230.048,0.0909812874600654,0.964701860319276,707997,7781787,10202.210612,0.0489512600776089,South America,0.031920737642496
ARG,Argentina,1995.5,VR-WHO,VR,9968.6106,0.0836010711246976,0.971278729222545,713006.8,8528680.2,10434.031928,0.0409880521965959,South America,0.0374161200448661
ARG,Argentina,2000.5,VR-WHO,VR,10008.248,0.0756678431578088,0.976659821793132,692397.6,9150486.8,10268.511094,0.042081076994837,South America,0.031774803340889
ARG,Argentina,2005.5,VR-WHO,VR,10859.9596,0.0706543274912295,0.98105240365296,684614.8,9689637.2,9856.205878,0.0479174251441606,South America,0.036047774612107
ARM,Armenia,1990.5,VR-WHO,VR,2595.0078,0.0809252809975511,0.965752858937661,72336.6,893869,1170.70722,0.0174721263057773,Western Asia,4.23856075844053e-4
ARM,Armenia,1995.5,VR-WHO,VR,1693.309,0.0622878082701235,0.974895649176641,52992.2,850763.6,1048.988948,0.0251208948571883,Western Asia,0.00231899310871497
ARM,Armenia,2000.5,VR-WHO,VR,2381.337,0.0485705091813561,0.981644025988332,41870.8,862062.2,990.1893466,0.0173877223479098,Western Asia,0.010696835379001
ARM,Armenia,2005.5,VR-WHO,VR,4169.865,0.0510750774228979,0.986603279276365,45050.2,882038.8,1061.60545,0.0152089661326828,Western Asia,0.019779148863306
AUS,Australia,1990.5,VR-WHO,VR,23540.4788,0.0563924012586196,0.999989999899581,253660.6,4498134.4,3404.95041,0.00702480058776739,Developed regions,0.012629973005388
AUS,Australia,1995.5,VR-WHO,VR,25545.6828,0.0536995298109985,0.999989999899581,254600.2,4741199.8,3439.116612,0.00914404284857722,Developed regions,0.015541290481633
AUS,Australia,2000.5,VR-WHO,VR,29454.282,0.0508475441408483,0.999989999899581,249042.2,4897821.6,3468.205456,0.00644365619958124,Developed regions,0.00285638372271801
AUS,Australia,2005.5,VR-WHO,VR,32654.1832,0.0528146748257089,0.999989999899581,270108,5114260.4,3275.234874,0.00596529040865583,Developed regions,0.00161654095723895
AUT,Austria,1990.5,VR-WHO,VR,25533.072,0.045240566010239,0.99999,88473.6,1955625.4,1724.110981,0.00515529285080084,Developed regions,0.0209281486820631
AUT,Austria,1995.5,VR-WHO,VR,27549.2826,0.0432974520415745,0.99999,85764,1980809.4,1626.6762342,0.00321824786446401,Developed regions,0.054756506956819
AUT,Austria,2000.5,VR-WHO,VR,31169.8834,0.0400324332989225,0.99999,79814.8,1993753.4,1469.2541622,0.00255731845677984,Developed regions,0.031828943665399
AUT,Austria,2005.5,VR-WHO,VR,33670.7058,0.0378741578904856,0.99999,77178.8,2037769.4,1329.8839284,0.00309202955640727,Developed regions,0.00546883506580897
AZE,Azerbaijan,1990.5,VR-WHO,VR,4765.0804,0.104150524703505,0.985006360030248,192543.2,1848701.2,3255.555806,0.0243433391748667,Western Asia,0.00159245946433695
AZE,Azerbaijan,1995.5,VR-WHO,VR,2094.1602,0.0850613075399677,0.967877536180593,173539.8,2040173.2,4170.855142,0.0333208881441509,Western Asia,0.00283794990712205
AZE,Azerbaijan,2000.5,VR-WHO,VR,2513.663,0.0625256215235364,0.932521171570642,144225,2306654.4,4137.890776,0.0233857626270011,Western Asia,0.00617538534374895
AZE,Azerbaijan,2005.5,VR-WHO,VR,4951.1822,0.0609448673469427,0.863728109334176,157729.4,2588067,4206.389554,0.0205186678519525,Western Asia,0.012050854671936
BEL,Belgium,1990.5,VR-WHO,VR,24854.039,0.0474977175671996,1,115891.6,2439940.4,2286.33787,0.00339988314320241,Developed regions,0.012305470332076
BEL,Belgium,1995.5,VR-WHO,VR,26625.0756,0.0455489245897382,1,113090.2,2482829.2,2332.508248,0.0046910511106865,Developed regions,0.047203837790929
BEL,Belgium,2000.5,VR-WHO,VR,29890.7654,0.0457171442355988,1,112611,2463211.6,2194.244271,0.00686536130276135,Developed regions,0.016175092860138
BEL,Belgium,2005.5,VR-WHO,VR,32208.804,0.0479694823453779,1,118342.2,2467031,1932.7158584,0.00465720447171193,Developed regions,0.00413717548785697
BEN,Benin,1993.045,DHS 1996,Sisterhood,1140.86531642857,0.20077457714508,0.559360005683432,239384.812857143,1192306.39785715,7257.06193329287,0.30175020017317,Western Africa,0.023775575025728
BEN,Benin,2003.221,DHS 2006,Sisterhood,1339.58861871429,0.182492194730454,0.722574518896002,301019.155714286,1649490.57771429,9105.96929201429,0.198613173629638,Western Africa,0.154728438728216
BEN,Benin,1991.56181318682,1992 Census-b,RHHD_Census,1132.18209779953,0.204228105209295,0.533403083869569,231130.782396105,1131728.57457224,6946.74751887578,0.138238580647694,Western Africa,0.010522667269839
BFA,Burkina Faso,1996.532,DHS 1998-1999,Sisterhood,768.114983999997,0.20231294944599,0.394082191557233,508812.447999999,2514977.16479999,15795.09610832,0.169911069700834,Western Africa,0.375181502162499
BFA,Burkina Faso,2006.45879120879,2006 Census,RHHD_Census,1030.62640934063,0.189371942177077,0.472330704424778,647398.837912069,3418662.92582405,14806.3696384622,0.101116891679255,Western Africa,0.281292585127358
BGD,Bangladesh,1999.99725274725,BMMS 2001,RHHD_Survey,952.181084248998,0.111334234842499,0.131478503250025,3545467.6117217,31845259.6071403,124805.84480403,0.211301776406072,Southern Asia,4.80944700179675e-5
BGD,Bangladesh,1998.738,BMMS 2001,Sisterhood,914.766653200002,0.116841224213859,0.119689097297826,3581647.1264,30653967.8140001,126948.8583596,0.228470605204361,Southern Asia,3.5311190398013e-5
BGD,Bangladesh,2008.5,NA,Mortality Survey,1356.258,0.0784211750295079,0.238201072796116,3103381,39573253,130640.397,0.0430823818233239,Southern Asia,2.52601804325958e-4
BGD,Bangladesh,1988.738,BMMS 2001,Sisterhood,729.6197772,0.16725240994642,0.0547593266666541,3762996.176,22498905.5596,153625.3077944,0.117718776820557,Southern Asia,0
BGD,Bangladesh,1993.738,BMMS 2001,Sisterhood,796.300526000001,0.140838943273028,0.0815152827101559,3699382.088,26266755.5012,139802.5025044,0.119995945809514,Southern Asia,5.38934030802629e-6
BGR,Bulgaria,1990.5,VR-WHO,VR,7500.3564,0.0484387864353752,0.993269728607167,101676.2,2099065.8,2482.657074,0.00993060540799235,Developed regions,0
BGR,Bulgaria,1995.5,VR-WHO,VR,6486.0414,0.0378025496375955,0.993656559415407,76868.4,2033418.4,2603.873976,0.00665035927228252,Developed regions,0
BGR,Bulgaria,2000.5,VR-WHO,VR,7239.0002,0.0347770476146578,0.994021290465561,67452.4,1939566.6,2367.4026602,0.00798536017301613,Developed regions,0
BGR,Bulgaria,2005.5,VR-WHO,VR,9864.0044,0.0385061727444326,0.994365169368146,72002.6,1869897.6,2150.1787498,0.00446553167736534,Developed regions,0
BHR,Bahrain,1995.5,VR-WHO,VR,22029.5636,0.102870004785834,0.975999999976822,13756.6,133728,95.68963742,0.0291262135922329,Western Asia,0
BHR,Bahrain,2000.5,VR-WHO,VR,23967.5508,0.0869555906321214,0.975249174106452,13805.4,158763.8,129.27753708,0.0325542570951586,Western Asia,0
BHR,Bahrain,2005.5,VR-WHO,VR,27186.8004,0.0907458082076265,0.974475473383117,17390.2,191636.4,150.3113194,0.0193965517241379,Western Asia,0
BHS,Bahamas,1995.5,VR-WHO,VR,21587.65,0.0794695087329989,0.989999999998171,6102.4,76789.2,170.02979848,0.00484342505243083,Caribbean,0.336298310736766
BHS,Bahamas,2000.5,VR-WHO,VR,25689.9492,0.0630072715383826,0.989999999998171,5280.4,83806.2,198.77362862,0.0148212699943653,Caribbean,0.365976382670551
BHS,Bahamas,2005.5,VR-WHO,VR,25726.3598,0.0545015719914899,0.989999999998171,4954.4,90903.8,182.96503432,0.0157233105602937,Caribbean,0.355262716830969
BIH,Bosnia and Herzegovina,1990.5,VR-WHO,VR,1304.886,0.0539796124666149,0.970276523588996,60875.4,1127748,1010.9951334,0.0177992274523308,Transition countries of South-Eastern Europe,0
BIH,Bosnia and Herzegovina,2005.5,VR-WHO,VR,6298.0588,0.0337770775530472,0.998581314556461,34936.8,1034334.6,800.1482084,0.00179716439118961,Transition countries of South-Eastern Europe,0
BLR,Belarus,1990.5,VR-WHO,VR,6372.0318,0.0577305808815962,0.999145498738481,143818.4,2491199.6,3066.29352,0.0172835420909513,Developed regions,1.35009323804947e-4
BLR,Belarus,1995.5,VR-WHO,VR,4736.3198,0.0419500363588082,0.999113904176841,108686,2590844,3999.071986,0.00763338036202658,Developed regions,0.00109212050094798
BLR,Belarus,2000.5,VR-WHO,VR,5909.959,0.0345682484020036,0.999081142503615,92098.2,2664242.6,4361.242264,0.00647262006602065,Developed regions,0.0064403532252309504
BLR,Belarus,2005.5,VR-WHO,VR,8677.0484,0.0365658420602073,0.999047170686295,97687,2671537,4287.957168,0.00426347734072115,Developed regions,0.029951905432281
BLZ,Belize,1990.5,VR-WHO,VR,4201.8968,0.160946030100958,0.784759798445753,7081.4,43998.6,49.43796514,0.113357320387549,Central America,0.010116190319297
BLZ,Belize,1995.5,VR-WHO,VR,4884.157,0.143407926664869,0.853400221788409,7446.6,51926,66.7991594,0.0356589158542568,Central America,0.06034677692839
BLZ,Belize,2000.5,VR-WHO,VR,5416.994,0.121055509268902,0.902860647405199,7439.2,61452.8,99.5100825,0.070633186405257,Central America,0.119083391358443
BLZ,Belize,2005.5,VR-WHO,VR,6250.3908,0.10303413927224,0.936868373579798,7422.6,72040.2,114.9371509,0.0453258228239129,Central America,0.150650364821271
BOL,Bolivia (Plurinational State of),2000.5,2001 Census post enumeration survey,RHHD_Survey,3566.994,0.130206494135622,0.644412486613008,261795,2010614,5327.47395,0.192017970117038,South America,0.029469870988295
BOL,Bolivia (Plurinational State of),2001.321,DHS 2003,Sisterhood,3568.9322894,0.127974953969787,0.6573315564618,262344.648,2049968.6842,5355.103948808,0.130522129145057,South America,0.031515864895964
BOL,Bolivia (Plurinational State of),2005.802,DHS 2008,Sisterhood,3820.29883319999,0.116143633745949,0.72347255215634,262860.5444,2263236.7864,5491.197636208,0.171647860153088,South America,0.035191055008454
BOL,Bolivia (Plurinational State of),1985.83,DHS 1989,Sisterhood,3019.29216857143,0.158382319667543,0.396184416236066,225376.751428571,1422991.85857143,5289.82885631429,0.148428800732136,South America,0.002699549957767
BOL,Bolivia (Plurinational State of),1986.661,DHS 1994,Sisterhood,2997.6256612,0.157189731730713,0.410030589255228,227928.0492,1450018.692,5289.476089228,0.167448224953074,South America,0.00267693998595098
BOL,Bolivia (Plurinational State of),1991.661,DHS 1994,Sisterhood,3124.923955,0.150688525705036,0.495607923206635,246964.6924,1638908.4122,5351.89018787,0.167818220667001,South America,0.00800140800164595
BRA,Brazil,1990.5,VR-WHO,VR,7300.696,0.0932296082269834,0.757206638676192,3624954,38882004,67362.7911,0.0409544255629002,South America,0.0367112906514671
BRA,Brazil,1995.5,VR-WHO,VR,7623.5878,0.0816546926210162,0.877813649659177,3565156.4,43661378,73505.51874,0.0362285932970205,South America,0.060064673204265
BRA,Brazil,2000.5,VR-WHO,VR,7858.5968,0.0748493770315803,0.943017922601248,3615747,48306975.2,72635.19346,0.0378840045609597,South America,0.047551230508736
BRA,Brazil,2005.5,VR-WHO,VR,8558.5574,0.0647506647216155,0.974439394757425,3345285.4,51664109,69980.23808,0.0359352234945473,South America,0.050916564619966
BRA,Brazil,1989.328,DHS 1996,Sisterhood,7351.20238114286,0.097858798869635,0.719468694548087,3714179.00742857,37954471.6502857,69077.5884984,0.10743634399141,South America,0.036762697766332
BRB,Barbados,1990.5,VR-WHO,VR,15922.89,0.0571138357245773,0.891451430053446,4138.4,72458.8,93.101053340000007,0.0552526285080883,Caribbean,0.00230392080486297
BRB,Barbados,1995.5,VR-WHO,VR,15693.3066,0.0517549507148566,0.957142402974396,3730,72070.4,97.64061286,0.0142212082539241,Caribbean,0.0127369830415029
BRB,Barbados,2000.5,VR-WHO,VR,17437.5706,0.0447117605308518,0.983801177796531,3175,71010.4,111.72169128,0.0148074731296499,Caribbean,0.030943777136175
BRB,Barbados,2005.5,VR-WHO,VR,17880.9412,0.0413958725473319,0.993981624285959,2933.8,70871.8,105.07313046,0.0105081875917367,Caribbean,0.017742223993566
BRN,Brunei Darussalam,1995.5,VR-WHO,VR,50506.3474,0.0953110766584031,0.982463736694709,7512.4,78819.8,64.06649416,0.0229591836734694,South-Eastern Asia,0
BRN,Brunei Darussalam,2000.5,VR-WHO,VR,48572.9138,0.0769044934772105,0.992763378889039,7449,96860.4,78.90017576,0.0371287128712872,South-Eastern Asia,0
BRN,Brunei Darussalam,2005.5,VR-WHO,VR,49127.7842,0.0697295613617208,0.997031966988195,7611.4,109156,93.55423844,0.0212264150943396,South-Eastern Asia,0
BTN,Bhutan,2004.91208791209,2005 Census,RHHD_Census,3394.36600000032,0.0952703586396419,0.538974011082154,15217.2087912086,159726.582417595,468.654394851654,0.116993973519156,Southern Asia,0.00309174110868604
BWA,Botswana,2007.5,CSO2010,Surveillance,12374.988,0.0926589042503577,0.954617319039988,46888,506028,5004.75909,0.00279698377841833,Southern Africa,0.821018542772655
BWA,Botswana,2008.5,CSO2010,Surveillance,12552.186,0.0915955619769376,0.958194179078981,47040,513562,4340.01646,0.00793568888242017,Southern Africa,0.794467028818596
BWA,Botswana,2009.5,CSO2010,Surveillance,11771.842,0.0904985278706522,0.961500496452207,47151,521014,3355.94951,0.0152800478736054,Southern Africa,0.732430565977138
BWA,Botswana,2010.5,CSO 2011,Surveillance,12459.208,0.0893524319290768,0.964554998324194,47209,528346,2609.18808,0.0193278759290319,Southern Africa,0.69446890927081
CAF,Central African Republic,1987.953,DHS 1994-1995,Sisterhood,848.347561357143,0.18181141112978,0.454461966439468,115352.666285714,634463.291214285,4455.94486531214,0.222553258467302,Middle Africa,0.0828314683760411
CAN,Canada,1990.5,VR-WHO,VR,26652.1,0.05212896212392,0.991243463112374,389418.6,7470292.6,5946.316766,0.00377637750517009,Developed regions,0.034359915522851
CAN,Canada,1995.5,VR-WHO,VR,27598.5422,0.0475752951045885,0.990917049459686,370825.2,7794490.8,6103.830362,0.00388520468562206,Developed regions,0.045367033667287
CAN,Canada,2000.5,VR-WHO,VR,31863.5504,0.0422349795154702,0.990578583874433,336980.4,7978704,6043.499082,0.00376163548053151,Developed regions,0.011197872650334
CAN,Canada,2005.5,VR-WHO,VR,34948.262,0.0429054788735449,0.990227630146944,350203.4,8162207,5917.854238,0.00666955600754043,Developed regions,0.0103044483182489
CHE,Switzerland,1990.5,VR-WHO,VR,32482.298,0.0467733709955078,1,80489.6,1720842.4,1433.687144,0.00319085494201935,Developed regions,0.045908587283829
CHE,Switzerland,1995.5,VR-WHO,VR,32171.7524,0.0459950333137454,1,81464.6,1771160.8,1417.1885498,0.00295433621847588,Developed regions,0.077645664563759
CHE,Switzerland,2000.5,VR-WHO,VR,34306.5412,0.0431365588309152,1,76407.2,1771286.4,1195.707077,0.00356206240998708,Developed regions,0.019533297195199
CHE,Switzerland,2005.5,VR-WHO,VR,36006.8284,0.0405132871127638,1,73700.2,1819161.2,1089.8599738,0.00422503114064047,Developed regions,0.012543821786577
CHL,Chile,1990.5,VR-WHO,VR,6734.746,0.0853709876686577,0.993016200668007,302882.4,3547837.6,3460.691926,0.04855471434064,South America,6.17236448345992e-4
CHL,Chile,1995.5,VR-WHO,VR,9091.1876,0.0750393572493359,0.995381513990729,286555.6,3818737.4,3274.363574,0.0348293519680118,South America,0.00193556101370596
CHL,Chile,2000.5,VR-WHO,VR,10492.8204,0.0628377591895874,0.996948191385598,258046.4,4106550,3171.78586,0.0237047136503787,South America,0.00514759009468602
CHL,Chile,2005.5,VR-WHO,VR,12113.1262,0.0563186513262445,0.997984498417413,246585.2,4378393.2,3243.509748,0.0196993428235478,South America,0.00734425975360298
CHN,China,2005,3rd survey,RHHD_Survey,3916.606,0.0477386100398286,0.975205360947546,16978876,355663392.5,412913.274,0.0223149145989613,Eastern Asia,0.011322017492812
CHN,China,2006.5,Monitoring data,Surveillance,4611.304,0.0467163814854176,0.979270543822361,16782451,359241244,406157.629,0.0154195889388078,Eastern Asia,0.013004803117954
CHN,China,2007.5,Monitoring data,Surveillance,5238.677,0.0462762884146016,0.981610354669534,16706719,361021153,402216.012,0.0165804959946189,Eastern Asia,0.014934760976149
CHN,China,2008.5,Monitoring data,Surveillance,5712.247,0.0459415507494919,0.983690460941547,16642774,362259735,400955.959,0.0186083941418961,Eastern Asia,0.016642725591715
CHN,China,1997.5,DSP,Surveillance,2168.9984,0.0598428424403115,0.94024358257464,19918785.4,332851592.4,483052.7312,0.0265040591096477,Eastern Asia,0.00221492075660201
CIV,Cote d'Ivoire,1991.17,DHS 1994,Sisterhood,1868.54859571428,0.192468282885367,0.436252203766746,524487.417142858,2725058.95142858,16089.5632824286,0.225310267613511,Western Africa,0.116322995987857
CIV,Cote d'Ivoire,2002.205,AIS 2005,Sisterhood,1759.27483785715,0.161357110081388,0.582616725334995,628352.147142856,3894170.80428571,34876.0566032142,0.0897780611212809,Western Africa,0.566052462219564
CMR,Cameroon,1993.286,DHS 1998-1999,Sisterhood,1881.8138964,0.180867559674091,0.614170843776072,532758.684600001,2945573.46580001,17086.5571878801,0.211866960353676,Middle Africa,0.0937821382555351
CMR,Cameroon,2000.897,DHS 2004,Sisterhood,1866.92554514285,0.162819630069869,0.617795248397245,602418.257285713,3699911.71842856,30076.8690304284,0.150115814894143,Middle Africa,0.367462062227568
CMR,Cameroon,1993.897,DHS 2004,Sisterhood,1777.57774414286,0.1795207712629,0.614462279423092,537922.786428571,2996437.58571428,17271.0896468428,0.23920039561487,Middle Africa,0.097070493839311
COD,Democratic Republic of the Congo,2004.995,DHS 2007,Sisterhood,268.452933999999,0.215030060948276,0.717307124572068,2659215.552,12366715.334,75563.0955109998,0.158656634592592,Middle Africa,0.153559762124676
COG,Congo,2001.982,DHS 2005,Sisterhood,3162.79801314286,0.157122424035802,0.834,121189.762571428,771307.872285714,5396.26611005142,0.148977582477086,Middle Africa,0.445009755284119
COL,Colombia,2007.5,Estadisticas Vitales,Surveillance,8085.183,0.075724479105974,0.952694996996302,918208,12125643,13326.9213,0.051951506195881,South America,0.037660581067587
COL,Colombia,1990.5,VR-WHO,VR,6032.8116,0.103823279863777,0.887740414273098,904017.6,8707272.6,12356.21436,0.119426911306196,South America,0.001233792504859
COL,Colombia,1995.5,VR-WHO,VR,6691.0806,0.0934382295421067,0.912361071929887,916301.4,9806493.6,13165.583,0.0933905138805636,South America,0.011319567804719
COL,Colombia,2000.5,VR-WHO,VR,6641.5656,0.0839593853694649,0.931995596273379,911111.6,10851813.6,14294.72678,0.0845504628742884,South America,0.025705409191779
COL,Colombia,2005.5,VR-WHO,VR,7396.251,0.0777493189219698,0.947484425242418,915544.6,11775596.4,13674.01104,0.0691246250724509,South America,0.038282761790801
CRI,Costa Rica,1990.5,VR-WHO,VR,6261.3454,0.106747515360449,0.974097044250926,82452.4,772405.8,692.513154,0.0460281257555486,Central America,5.35841275478011e-4
CRI,Costa Rica,1995.5,VR-WHO,VR,7151.8598,0.0898468177225048,0.979785387789649,79969.4,890063.8,818.5889774,0.0443078435487867,Central America,0.00290093496398203
CRI,Costa Rica,2000.5,VR-WHO,VR,8045.6418,0.0755425173824107,0.984244763484562,78396,1037773.2,891.0943968,0.0415144131048253,Central America,0.00353165918009501
CRI,Costa Rica,2005.5,VR-WHO,VR,9229.2976,0.0642212046074335,0.987732710658793,75240.6,1171585,931.0194248,0.0404208409317312,Central America,0.013788175306356
CUB,Cuba,1990.5,VR-WHO,VR,9839.0008008,0.0600936578101597,0.998149084033608,176006.8,2928874.8,3939.890412,0.0272720106840522,Caribbean,7.56312469176956e-4
CUB,Cuba,1995.5,VR-WHO,VR,7377.6907844,0.052772901787684,0.998468559210613,158118.2,2996200.6,3780.815146,0.0244037819645915,Caribbean,0.00169287288194298
CUB,Cuba,2000.5,VR-WHO,VR,8304.7728642,0.048007135142572,0.998732961747215,144878.4,3017851.4,3409.185772,0.0263905329654436,Caribbean,0.00500144140561498
CUB,Cuba,2005.5,VR-WHO,VR,9830.2421064,0.0424535883868178,0.998951763233762,128572,3028530.8,3001.709738,0.0286396128367879,Caribbean,0.00926414416111099
CZE,Czech Republic,1990.5,VR-WHO,VR,15574.5112,0.049562847074071,0.9998939261387,126917,2560728.6,2727.997376,0.00704004912607932,Developed regions,0.00156266378112202
CZE,Czech Republic,1995.5,VR-WHO,VR,15424.4156,0.0389879010718044,0.999772809019443,103302.6,2649606.6,2631.158508,0.00335867853885482,Developed regions,0.00605527920209503
CZE,Czech Republic,2000.5,VR-WHO,VR,16866.9428,0.0341119251366026,0.999513465399418,88553.2,2595960.2,2202.3834826,0.00299790285235713,Developed regions,0.00230741863445705
CZE,Czech Republic,2005.5,VR-WHO,VR,20494.7886,0.0401260391186439,0.998958383634467,101442.8,2528104,1869.1362672,0.00386159581651792,Developed regions,9.87893094818948e-4
DEU,Germany,1990.5,VR-WHO,VR,25619.7098,0.0428328427241746,1,835213.2,19499364.2,18091.58731,0.00593467312451532,Developed regions,0.00682855591787801
DEU,Germany,1995.5,VR-WHO,VR,27702.0712,0.0402697496242161,1,791209.2,19647730.8,17024.749276,0.00390485434273812,Developed regions,0.00960007257246798
DEU,Germany,2000.5,VR-WHO,VR,30186.8184,0.0383742585800133,1,756284.8,19708128,15678.70578,0.00326057431793531,Developed regions,0.00362538281539504
DEU,Germany,2005.5,VR-WHO,VR,31805.2626,0.0359999573207019,1,705165.4,19587951,13959.706712,0.00351295907502602,Developed regions,0.00430203513445804
DNK,Denmark,1990.5,VR-WHO,VR,25463.4806,0.0477270163271036,1,62357.8,1306551.4,1396.4050114,0.0055681602499629,Developed regions,0.011389130059099
DNK,Denmark,1995.5,VR-WHO,VR,27929.1362,0.0518050413245689,1,67215,1297460.6,1362.6151088,0.00918304976174557,Developed regions,0.014090471374573
DNK,Denmark,2000.5,VR-WHO,VR,31197.3028,0.0523866608596015,1,65890.8,1257778.2,1142.3752422,0.00456281136213999,Developed regions,0.00528159739606104
DNK,Denmark,2005.5,VR-WHO,VR,33278.1764,0.0519849383572328,1,64517.8,1241086.4,990.0103014,0.00426877211891126,Developed regions,0.00456094832548204
DOM,Dominican Republic,2009.5,Surveillance system,Surveillance,7887.254,0.0848924527394069,0.983139924887411,217020,2556411,5155.84292,0.0592930396368348,Caribbean,0.138226662654028
DOM,Dominican Republic,2010.5,Surveillance system,Surveillance,8386.921,0.0836233365077794,0.98429393433512,216361,2587328,5639.01474,0.0498031889898011,Caribbean,0.203695188425771
DOM,Dominican Republic,2006.5,Surveillance system,Surveillance,6960.536,0.0889500450164448,0.979155073556749,217848,2449105,6297.07861,0.0416138482103563,Caribbean,0.235844108352333
DOM,Dominican Republic,2005.5,Surveillance system,Surveillance,6380.369,0.0902331619533013,0.977632064707566,217694,2412572,4176.25508,0.0706346070086085,Caribbean,0.39107072454013
DOM,Dominican Republic,2008.5,Surveillance system,Surveillance,7727.969,0.0862230686709742,0.981902683115191,217492,2522434,4706.6168,0.0620999858857411,Caribbean,0.154572968421818
DOM,Dominican Republic,2007.5,Surveillance system,Surveillance,7444.534,0.0875950635915947,0.980576442666997,217770,2486099,4976.23395,0.0472181428109702,Caribbean,0.252819753379963
DOM,Dominican Republic,1999.5,Surveillance system,Surveillance,5561.969,0.0980569585058618,0.965942621017317,213369,2175970,3495.01327,0.0746638799164991,Caribbean,0.335743583600185
DOM,Dominican Republic,2000.5,Surveillance system,Surveillance,5785.072,0.096470750536948,0.968235691268899,213981,2218092,3733.39289,0.0553128663064011,Caribbean,0.35917863442441
DOM,Dominican Republic,2001.5,Surveillance system,Surveillance,5799.099,0.0949942121185592,0.970379104439733,214841,2261622,4136.30638,0.0473882153499583,Caribbean,0.358968974633837
DOM,Dominican Republic,2002.5,Surveillance system,Surveillance,6041.639,0.0937500543110835,0.972382008514241,215771,2301556,4001.07202,0.0704422673643693,Caribbean,0.398687115359648
DOM,Dominican Republic,2003.5,Surveillance system,Surveillance,5936.133,0.0926074058049519,0.974253073736209,216609,2339003,4155.13374,0.0593946281176514,Caribbean,0.40711407281923
DOM,Dominican Republic,2004.5,Surveillance system,Surveillance,5925.372,0.091454952526111,0.976000506533891,217272,2375727,4517.34009,0.0620763834658841,Caribbean,0.379150795794965
DOM,Dominican Republic,1997.724,DHS 2002,Sisterhood,5087.66264919999,0.102261215706353,0.961471005358865,214270.158,2095321.8336,3801.002461292,0.0942228552507041,Caribbean,0.218355047922096
DOM,Dominican Republic,2002.401,DHS 2007,Sisterhood,5968.37229250002,0.0940778334394138,0.972189738965627,215551.8768,2291207.9171,4336.16520339701,0.0689159566659849,Caribbean,0.330536261588069
DZA,Algeria,1999.5,NMMS 2001,Inquiry,6036.459,0.0794647411506889,0.91959287958352,632180,7955478,11947.7973,0.098792266551517,Northern Africa,0.00284571282440504
ECU,Ecuador,1991.011,RHS 1994,Sisterhood,5549.66457514286,0.117004912492221,0.988085874185334,298284.948285714,2549336.96314285,4639.55223528857,0.126432243310953,South America,0.016578473721948
ECU,Ecuador,1999.284,RHS 2004,Sisterhood,5719.43925280001,0.0970696431013122,0.986286131542181,303251.4312,3124060.43240001,4738.452069296,0.107198082515766,South America,0.111998562592264
EGY,Egypt,1992.5,NMMS,RHHD_Survey,3292.113,0.125750320356675,0.456515334241413,1756778,13970366,26655.4114,0.11341936042872,Northern Africa,1.43610614090961e-4
EGY,Egypt,2000.5,NMMS,RHHD_Survey,4141.327,0.103287348667292,0.662466631625958,1744551,16890268,21724.7756,0.0757137923095551,Northern Africa,8.54554281333963e-4
EGY,Egypt,2004.5,NMMSS,Surveillance,4378.551,0.0960066516145034,0.75000675633753,1803390,18784011,21063.5109,0.0638114696534101,Northern Africa,0.00175659224977498
EGY,Egypt,2006.5,NMMSS,Surveillance,4711.269,0.0934004210638628,0.787650268434758,1834807,19644526,23976.4606,0.0563609572572868,Northern Africa,0.00204367111632797
ERI,Eritrea,1990.872,DHS 1995,Sisterhood,544.427608800001,0.177784523362463,0.165701120113174,124722.1424,701535.432000001,3413.01975754399,0.302801150714558,Eastern Africa,0.023983446831485
ESP,Spain,1990.5,VR-WHO,VR,19530.3472,0.0409495684117175,1,396302.2,9677811.4,7205.03313,0.00300990985730046,Developed regions,0.070162320017959
ESP,Spain,1995.5,VR-WHO,VR,21053.1532,0.0368990015893664,1,374815.8,10157884.6,7426.583916,0.00140116675014582,Developed regions,0.110204567294138
ESP,Spain,2000.5,VR-WHO,VR,24844.5734,0.0380284681131562,1,398693,10484066.8,6778.738246,0.00271704145618504,Developed regions,0.039959034616779
ESP,Spain,2005.5,VR-WHO,VR,27441.1382,0.0414578109706286,1,459942.2,11094223,6731.078388,0.00353684842970529,Developed regions,0.033921148521984
EST,Estonia,1990.5,VR-WHO,VR,9725.8478,0.0546831073740102,0.989849632926807,20696.2,378475.2,518.4670026,0.019172835728594802,Developed regions,1.07087258236049e-4
EST,Estonia,1995.5,VR-WHO,VR,8018.1368,0.0408027888647957,0.99397334999759,14504.2,355470.8,637.748466,0.0103970396028137,Developed regions,6.07892678371025e-4
EST,Estonia,2000.5,VR-WHO,VR,11182.1042,0.0370600463549258,0.99642779993421,12718.2,343178.2,540.1218514,0.00664463687188772,Developed regions,0.00436874625502304
EST,Estonia,2005.5,VR-WHO,VR,16723.7754,0.0424435488128971,0.997884762983035,14469.6,340914,404.692502,0.00796427731681874,Developed regions,0.020049635133652
ETH,Ethiopia,1996.746,DHS 2000,Sisterhood,501.890299714286,0.201489446185302,0.0472168886582523,2650358.67542857,13153833.7397143,86146.4672882288,0.210134676938937,Eastern Africa,0.139448122631482
ETH,Ethiopia,2001.982,DHS 2005,Sisterhood,545.373199428571,0.177523614860458,0.0644572911760133,2709496.31342857,15262737.386,92057.3568029714,0.164166867450607,Eastern Africa,0.263294016911506
FIN,Finland,1990.5,VR-WHO,VR,22143.1804,0.0507298612791514,0.99999,63942.2,1260445,1165.972493,0.00358798283261803,Developed regions,0
FIN,Finland,1995.5,VR-WHO,VR,22012.6038,0.049269404884687,0.99999,62360,1265694.2,1129.0802844,0.00292760823278921,Developed regions,0
FIN,Finland,2000.5,VR-WHO,VR,26916.8878,0.0473464562204865,0.99999,57764.4,1220036.4,1048.5466856,0.00293837053997329,Developed regions,0
FIN,Finland,2005.5,VR-WHO,VR,30961.5102,0.0492071816784128,0.99999,58096.4,1180648.8,900.8075032,0.00414818101153504,Developed regions,0
FJI,Fiji,2000.5,VR-WHO,VR,3912.5998,0.0956504459611284,0.99,20024,209345.6,471.3968916,0.00483783777128276,Oceania,0.00315957628571095
FRA,France,1990.5,VR-WHO,VR,24043.865,0.0528514916037655,0.99,748406.2,14160550.2,12318.378628,0.00712613994025349,Developed regions,0.0558733115228079
FRA,France,1995.5,VR-WHO,VR,25191.3016,0.0503220863359979,0.99,732691.6,14560040.2,13022.744432,0.00660165324900038,Developed regions,0.0439285415755299
FRA,France,2000.5,VR-WHO,VR,27930.196,0.0521654594061704,0.99,755044.8,14474037.2,12487.924836,0.00565390954290605,Developed regions,0.012872239904213
FRA,France,2005.5,VR-WHO,VR,29614.186,0.054255801535288,0.99,783056.6,14432679.6,11064.362366,0.00566620363803328,Developed regions,0.00932497806035804
GAB,Gabon,1997.287,DHS 2000,Sisterhood,14674.3490001429,0.146150101552348,0.855,38735.6248571429,265040.013285715,1047.35592049329,0.141891523341307,Middle Africa,0.356237467640782
GBR,United Kingdom,1990.5,VR-WHO,VR,23391.7264,0.0547858150752716,0.99,774916,14144464.2,11606.962854,0.00651822308039285,Developed regions,0.0157448121474451
GBR,United Kingdom,1995.5,VR-WHO,VR,25324.046,0.0523712548564235,0.99,744211.4,14210303,11671.237494,0.00635429046983172,Developed regions,0.020795369021074
GBR,United Kingdom,2000.5,VR-WHO,VR,29360.5332,0.0491760448939346,0.99,697450.4,14182726.6,11274.325242,0.0072737307074754,Developed regions,0.00473718917176602
GBR,United Kingdom,2005.5,VR-WHO,VR,32794.7182,0.0487180487291948,0.99,707206.6,14516316.2,11033.624284,0.00808213071963963,Developed regions,0.00432810958583296
GEO,Georgia,2006.5,Georgia RAMOS,Surveillance,3916.399,0.0449250247914016,0.988726344021199,53820,1197996,1317.409108,0.037050094275159,Western Asia,0.010382955390954
GEO,Georgia,1990.5,VR-WHO,VR,5711.6538,0.0661153569091814,0.919527158768596,88862.2,1344047.8,1698.680221,0.0355668098555132,Western Asia,0.00125324880200295
GEO,Georgia,1995.5,VR-WHO,VR,1907.7336,0.0560513610801704,0.955757471039537,71849,1281842.2,1510.105887,0.0235082088363235,Western Asia,0.003856197501099
GEO,Georgia,2000.5,VR-WHO,VR,2547.7394,0.0467211001455824,0.976100208298688,57843.6,1238061.6,1297.1528097999999,0.0232605364813733,Western Asia,0.00805230993457895
GEO,Georgia,2005.5,VR-WHO,VR,3679.7938,0.0448613600182018,0.987214471299168,54065,1205157.4,1478.7357004,0.0250422144131321,Western Asia,0.00969781313692397
GHA,Ghana,2004,MHS 2007,RHHD_Survey,1158.882,0.139709774684652,0.517482905260441,702520.333333333,5028426.5,24435.47215,0.14395501039981,Western Africa,0.329359906302605
GHA,Ghana,2004.162,MHS 2007,Sisterhood,1168.134372,0.139415648904579,0.518668135328819,704375.156857143,5052339.26314286,24409.3780695429,0.126899220662531,Western Africa,0.327042967830658
GIN,Guinea,1995.444,DHS 1999,Sisterhood,819.6660415,0.198541393578827,0.353604578649605,323566.845,1629719.824,11903.2884012,0.255088754374964,Western Africa,0.116866645011912
GIN,Guinea,2000.007,DHS 2005,Sisterhood,878.794055500001,0.189756827350999,0.411267394490406,350247.8538,1845772.0794,13429.82844939,0.302608129313141,Western Africa,0.169705256188542
GRC,Greece,1990.5,VR-WHO,VR,17548.8738,0.0430123505997334,1,104892.8,2438667,1648.5981122,0.00363855263033094,Developed regions,0
GRC,Greece,1995.5,VR-WHO,VR,17858.1368,0.0392704781216665,1,104037,2649242,1721.9613352,0.00126065554088126,Developed regions,0
GRC,Greece,2000.5,VR-WHO,VR,20513.175,0.0380390301336159,1,104302.8,2741994.2,1698.7153634,0.00322388059701492,Developed regions,0
GRC,Greece,2005.5,VR-WHO,VR,24868.8158,0.040590174903432,1,111134.6,2737968,1621.304,0.00186776242062009,Developed regions,0
GRD,Grenada,1990.5,VR-WHO,VR,4927.474,0.129781599119682,0.992884245855476,2783.4,21446.8,33.14771504,0.00950390454282892,Caribbean,0
GRD,Grenada,1995.5,VR-WHO,VR,5163.8004,0.0981522024695683,0.993196397055793,2241.6,22838,35.26058518,0.0312328956973206,Caribbean,0
GRD,Grenada,2000.5,VR-WHO,VR,6700.401,0.080083131838362,0.993494944640062,1980.6,24731.8,35.615874118,0.0145631067961165,Caribbean,0
GTM,Guatemala,1990.5,VR-WHO,VR,3344.6388,0.178577280382197,0.353956542187495,350286.8,1961541.8,6221.15537,0.092856611429977,Central America,0.002738139205263
GTM,Guatemala,1995.5,VR-WHO,VR,3636.0574,0.16814483888178,0.394770199014653,382229,2273212.8,6251.821942,0.096485955235934,Central America,0.014005708686201
GTM,Guatemala,2000.5,VR-WHO,VR,3938.63,0.156817935868027,0.437105860342777,412701.4,2631723.2,6193.502296,0.0839294383743273,Central America,0.0456740665932051
GTM,Guatemala,2005.5,VR-WHO,VR,4121.845,0.144281353738586,0.48037809655541,439454.6,3045817,6396.268576,0.0809531599652677,Central America,0.067583024787599
GTM,Guatemala,1988.037,DHS 1995,Sisterhood,3243.6647592,0.182796249509603,0.33456800769288503,336107.0442,1838697.7036,5689.556728052,0.0578830860305765,Central America,0.00162144080707904
GTM,Guatemala,1993.037,DHS 1995,Sisterhood,3483.7157926,0.173616501076129,0.374441787020912,366750.686,2112418.3688,6734.700767938,0.0963384047013698,Central America,0.00613434104837596
GUY,Guyana,1990.5,VR-WHO,VR,1659.7644,0.0929716459896355,0.95,18223.8,196014.6,445.9701412,0.0563762281603962,South America,0.281736711194994
GUY,Guyana,1995.5,VR-WHO,VR,2218.8984,0.0840025304360316,0.95,16492.2,196329.8,508.7467056,0.0777977202520652,South America,0.394054680239484
GUY,Guyana,2000.5,VR-WHO,VR,2517.447,0.0804391309249895,0.854919582291143,15410.4,191578.4,573.3708584,0.0496538566410422,South America,0.32524091893764
GUY,Guyana,2005.5,VR-WHO,VR,2573.972,0.0754988554286132,0.833546080155465,14445.8,191338,609.957488,0.0563527929712235,South America,0.15056894281777
HND,Honduras,1996.78846153846,RAMOS 1998,Inquiry,2828.9475576922,0.147063562930787,0.549179277591826,197254.538461538,1341287.63461533,2757.38969942291,0.0870552971225286,Central America,0.226557515872218
HND,Honduras,1989.78983516484,1988 RAMOS,RHHD_Survey,2710.31044917547,0.17265280302624,0.441018730600661,186036.449175838,1077517.68818699,2203.18518726662,0.247994786947714,Central America,0.073562769264495
HND,Honduras,2000.5,2001 Census,RHHD_Census,2887.882,0.132062287680805,0.605328923448666,196746,1489797,3063.72476,0.0841763636824749,Central America,0.265036863167826
HRV,Croatia,1990.5,VR-WHO,VR,12277.6376,0.0490015519766592,0.997757349321461,53852,1098985.6,1203.2127162,0.00356427918169039,Transition countries of South-Eastern Europe,0
HRV,Croatia,1995.5,VR-WHO,VR,10101.0754,0.0422450666951009,0.998319744376873,48335.2,1144162,1228.6122536,0.00577949651795602,Transition countries of South-Eastern Europe,0
HRV,Croatia,2000.5,VR-WHO,VR,12410.94,0.0401042440867815,0.998741284153501,44408.4,1107324.2,1068.8167714,0.00496008035859385,Transition countries of South-Eastern Europe,0
HRV,Croatia,2005.5,VR-WHO,VR,15453.0346,0.0387018645863359,0.999057168599063,41354.8,1068548,843.2299162,0.00676037763891615,Transition countries of South-Eastern Europe,0
HTI,Haiti,1996.83,DHS 2000,Sisterhood,1119.70021857143,0.140021923369681,0.23635781211628001,267804.78285714297,1912591.80285714,9493.35187494282,0.100278075344353,Caribbean,0.324316091774369
HTI,Haiti,2002.621,DHS 2005-2006,Sisterhood,1082.65881371428,0.120141625703677,0.253732558466327,266055.282428571,2214513.753,11112.4619183471,0.127556060763883,Caribbean,0.451914675359478
HUN,Hungary,1990.5,VR-WHO,VR,11769.2138,0.0491487745113857,0.993947142105195,124897.2,2541206.8,4437.90655,0.00631296171927468,Developed regions,0
HUN,Hungary,1995.5,VR-WHO,VR,10961.751,0.0428787661151191,0.994689935792092,111047.6,2589804,4507.417232,0.00557534083807719,Developed regions,0
HUN,Hungary,2000.5,VR-WHO,VR,13510.0396,0.0380535722432324,0.995342002618185,97092,2551455.6,3906.3927012,0.00252297007338943,Developed regions,0
HUN,Hungary,2005.5,VR-WHO,VR,16628.229,0.0393234533574036,0.995914325647837,96361.8,2450491.8,3072.6464428,0.00310756289419209,Developed regions,0
IDN,Indonesia,1992.205,DHS 1994,Sisterhood,2233.68195999999,0.0967431317795882,0.415930406299761,4712688.341,48713415.1469999,166793.844974,0.157183153436875,South-Eastern Asia,0
IDN,Indonesia,2000.566,DHS 2002-2003,Sisterhood,2634.987638,0.0778093651248207,0.645252991814582,4579025.9044,58849290.1472,171849.7858912,0.120902623399692,South-Eastern Asia,1.1426382681301e-4
IDN,Indonesia,2005.24,DHS 2007,Sisterhood,3082.001648,0.0719144750323257,0.75444411995829,4569903.388,63546363.732,174060.36334,0.0866057895105263,South-Eastern Asia,0.00211972851184905
IND,India,2008.5,Mat mort in India: 2007-09,RHHD_SRS,2819.80733333333,0.08943075070695,0.524181135966402,27231340,304496381.666667,779749.836333333,0.0802241771776944,Southern Asia,0.064372851529542
IND,India,1992.99725274725,NFHS 1992-1993,RHHD_Survey,1293.81553846147,0.125720042404985,0.341268489119969,27562109.2857142,219234012.003653,826543.04945054,0.160199464223923,Southern Asia,0.00352811731630698
IND,India,1998,Mat mort in India: 1997-2003,RHHD_SRS,1603.689,0.110726783444758,0.397908804113257,27449139,247899723.5,861490.565,0.139010633120536,Southern Asia,0.020355653830878
IND,India,1999.41758241758,NFHS 1998-1999,RHHD_Survey,1716.51242452797,0.10692968388404,0.414547148028374,27357716.4716984,255847726.075451,887010.273962228,0.182577582018835,Southern Asia,0.027461474020618
IND,India,2000.5,Mat mort in India: 1997-2003,RHHD_SRS,1776.76933333333,0.104032569029906,0.427386377848116,27291489,262336009.333333,889032.436666667,0.109656022941446,Southern Asia,0.034452809989225
IND,India,2002.5,Million Death Study 2005,RHHD_SRS,1900.33233333333,0.0996043311768438,0.451356340544224,27217075,273251922.666667,856415.333333333,0.112273051890984,Southern Asia,0.048470533855121
IND,India,2005.5,Maternal Deaths MDS _ RGI India (2005),RHHD_SRS,2303.65033333333,0.0941379438632657,0.487703485036012,27219016,289139691,806321.83,0.0930205301024357,Southern Asia,0.064975344108114
IRL,Ireland,1990.5,VR-WHO,VR,17059.5388,0.0592796485253846,0.99999,51437.2,867704.2,664.0640292,0.00489302423439007,Developed regions,0.00944290431382999
IRL,Ireland,1995.5,VR-WHO,VR,21695.8662,0.0550047886410066,0.99999,50931.2,925941.2,696.2386962,0.0026942564678247,Developed regions,0.029462036725087
IRL,Ireland,2000.5,VR-WHO,VR,31709.8808,0.0571499760751798,0.99999,57066.8,998544.6,745.60357080000006,0.00470671896569292,Developed regions,0.011481734722008
IRL,Ireland,2005.5,VR-WHO,VR,38571.059,0.0607244212400693,0.99999,66049.2,1087687.6,681.317269,0.00164472424042936,Developed regions,0.00432486711774305
IRN,Iran (Islamic Republic of),2005.5,NMMS 2005,Surveillance,9228.236,0.0594250120037445,0.966673916052789,1238625,20843496,25245.6489,0.0128795328122978,Southern Asia,0.032203569146523
IRN,Iran (Islamic Republic of),1996.37362637363,1996 Census,Inquiry,7036.54912637492,0.095633771156295,0.818880510883276,1406133.36263714,14703313.9615407,29877.5089093412,0.0452598552798271,Southern Asia,0.00509672509100401
IRN,Iran (Islamic Republic of),2002.5,Surveillance,Surveillance,8129.875,0.0645188357041698,0.940280539004741,1216454,18854246,28288.532,0.0127495417772784,Southern Asia,0.015730756194772
IRN,Iran (Islamic Republic of),2003.5,Surveillance,Surveillance,8599.683,0.0624110965167013,0.950742759746984,1218908,19530309,27242.6031,0.0136656479530105,Southern Asia,0.020262380873581
IRN,Iran (Islamic Republic of),2004.5,Surveillance,Surveillance,8927.809,0.0607490464713648,0.959451150676714,1227113,20199708,26228.2403,0.0120784428299977,Southern Asia,0.0257356190228289
IRN,Iran (Islamic Republic of),2005.5,Surveillance,Surveillance,9228.236,0.0594250120037445,0.966673916052789,1238625,20843496,25245.6489,0.0124477792042532,Southern Asia,0.032203569146523
IRN,Iran (Islamic Republic of),2006.5,Surveillance,Surveillance,9654.448,0.0587757261441007,0.972646804741302,1250942,21283310,24130.173,0.0118973524500749,Southern Asia,0.039162587023309
IRN,Iran (Islamic Republic of),2007.5,Surveillance,Surveillance,10285.526,0.0581857200875002,0.977574033156279,1261783,21685441,23057.6363,0.0143107685302695,Southern Asia,0.046231972181815
IRN,Iran (Islamic Republic of),2008.5,Surveillance,Surveillance,10397.819,0.0575957820801948,0.981630464939552,1269043,22033610,22015.0113,0.0126248553892827,Southern Asia,0.0526004726602159
IRN,Iran (Islamic Republic of),2009.5,Surveillance,Surveillance,10462.271,0.0569391563143555,0.984964450336448,1271041,22322793,20988.6533,0.0162844511595751,Southern Asia,0.059555988758936
IRN,Iran (Islamic Republic of),2010.5,Surveillance,Surveillance,10462.271,0.0561448791543317,0.98770091433069,1266541,22558442,19984.7554,0.0146227534580091,Southern Asia,0.065650040430317
IRN,Iran (Islamic Republic of),1996.34340659341,1996 Census,RHHD_Census,7025.90115659461,0.0958821680150747,0.817965873050793,1407983.84065913,14684522.3653867,29873.3156398356,0.038604380227904,Southern Asia,0.00507906428387594
IRQ,Iraq,1999.5,FHS 2006-2007,Sisterhood,3782.66238846667,0.162016210693057,0.734265986105036,874374.4,5396832.8,8973.38727533333,0.0765300362827024,Western Asia,0
IRQ,Iraq,2004.386,FHS 2006-2007,Sisterhood,3547.9710807708,0.160413987733352,0.809734109423008,994473.617999999,6199419.5896,10194.87106668,0.0522721713161623,Western Asia,0
ISL,Iceland,1990.5,VR-WHO,VR,25266.778,0.0684428550324995,1,4447.8,64985.6,41.91504976,0.00721153846153846,Developed regions,0
ISL,Iceland,2000.5,VR-WHO,VR,29623.6504,0.0582670171253635,1,4172,71601.4,42.14704876,0.0069767441860465,Developed regions,0
ISR,Israel,1990.5,VR-WHO,VR,17819.9968,0.0913070763260589,1,100741.8,1103329.6,742.0508286,0.0151960657489474,Western Asia,0.01427687845918
ISR,Israel,1995.5,VR-WHO,VR,20350.2786,0.084065372935816507,1,112986.4,1344030.2,853.2333498,0.0118492525036873,Western Asia,0.040750165051805
ISR,Israel,2000.5,VR-WHO,VR,22249.399,0.0848688275078998,1,127424.4,1501427.6,884.6380502,0.0130243227309597,Western Asia,0.0119586223853591
ISR,Israel,2005.5,VR-WHO,VR,23483.8114,0.0876128437457764,1,140797.8,1607045.2,838.7616996,0.0106056443180999,Western Asia,0.00452393495501402
ITA,Italy,1990.5,VR-WHO,VR,23615.051,0.0389008350411832,1,555243.6,14273308,10112.038008,0.00491900401971234,Developed regions,0.074644261529355
ITA,Italy,1995.5,VR-WHO,VR,25088.8974,0.037681268935781,1,538348.8,14286907.4,10128.07277,0.00200285093076699,Developed regions,0.136289460926328
ITA,Italy,2000.5,VR-WHO,VR,27450.9014,0.0377808485481094,1,525671.4,13913700.2,8678.614614,0.00229162815394745,Developed regions,0.0396232372305
ITA,Italy,2005.5,VR-WHO,VR,28329.971,0.0391507957577269,1,544419.8,13905714.8,7775.7859,0.00314346810375673,Developed regions,0.018880201535199
JAM,Jamaica,1998.5,McCaw et al 2008,Surveillance,6491.032,0.0876999750506593,0.959722947898977,57648,657332,1118.843234,0.0297864491983387,Caribbean,0.390127128390893
JAM,Jamaica,1999.5,McCaw et al 2008,Surveillance,6514.425,0.0859601137373485,0.962179506544734,57167,665041,1059.324757,0.0262679076418964,Caribbean,0.428796297828806
JAM,Jamaica,2000.5,McCaw et al 2008,Surveillance,6533.347,0.0842158780750317,0.964491779387193,56650,672676,1210.288377,0.0393486238692403,Caribbean,0.382406357687429
JAM,Jamaica,2001.5,McCaw et al 2008,Surveillance,6582.07,0.0822550628483939,0.966667581633937,56088,681879,1241.79815,0.0364206032854078,Caribbean,0.382461501492815
JAM,Jamaica,2002.5,McCaw et al 2008,Surveillance,6613.68,0.0803560437205005,0.968714384091559,55484,690477,1277.260787,0.0373981831098838,Caribbean,0.371581757484895
JAM,Jamaica,2003.5,McCaw et al 2008,Surveillance,6924.811,0.0786645458052986,0.970639318545979,54845,697201,1226.76274,0.0324964030268971,Caribbean,0.383177326530149
JAM,Jamaica,2004.5,McCaw et al 2008,Surveillance,6988.256,0.0772759104140845,0.972449184476464,54181,701137,1211.291796,0.0263827277934953,Caribbean,0.378796748657249
JAM,Jamaica,2005.5,McCaw et al 2008,Surveillance,7027.444,0.0761638656837724,0.974150456868798,53509,702551,1370.258104,0.0383543879351723,Caribbean,0.323522082960803
JAM,Jamaica,2006.5,McCaw et al 2008,Surveillance,7183.491,0.0744903237992673,0.97574929491767,52845,709421,1345.749933,0.0374581873035334,Caribbean,0.296139371979445
JAM,Jamaica,2007.5,McCaw et al 2008,Surveillance,7251.543,0.0732220448763082,0.977251551431535,52206,712982,1364.657399,0.0343718576583605,Caribbean,0.204222168292366
JAM,Jamaica,2009.5,National maternal mortality surveillance system,Surveillance,7188.50066666667,0.0711402298018099,0.979988259201649,51077.3333333333,717981,1392.56445166667,0.0354317095148029,Caribbean,0.049459644044611
JOR,Jordan,1995.99725274725,NMMS 1996,Inquiry,3489.66511263746,0.140507715132365,0.972129873492554,142378.810439554,1013316.67307682,1299.33227346148,0.125223214285715,Western Asia,0
JOR,Jordan,2008,NMMS 2007-2008,Inquiry,4979.499,0.103991083960974,0.997742182862814,151064,1452663,1715.238125,0.0594594594594595,Western Asia,0
JPN,Japan,1990.5,VR-WHO,VR,25721.704,0.0411734248362926,0.999989999899581,1283285.4,31167808,21801.25946,0.00729166487572897,Developed regions,5.49559158377955e-4
JPN,Japan,1995.5,VR-WHO,VR,27737.899,0.0388972299521041,0.999989999899581,1197437.4,30784644.6,20534.696598,0.00546839111660899,Developed regions,5.98043049728991e-4
JPN,Japan,2000.5,VR-WHO,VR,28329.9808,0.0395018017987217,0.999989999899581,1153083.8,29190663.4,18066.792248,0.00610573577062893,Developed regions,1.49908728820036e-4
JPN,Japan,2005.5,VR-WHO,VR,30318.8666,0.039601331503467,0.999989999899581,1104018.6,27878320.2,16142.188036,0.00470915608448135,Developed regions,1.01768125858048e-4
KAZ,Kazakhstan,1990.5,VR-WHO,VR,6695.8424,0.0894667102713717,0.98386882434101,370412.4,4140226,7288.077942,0.0461166070067838,Central Asia,1.27871652070288e-5
KAZ,Kazakhstan,1995.5,VR-WHO,VR,4816.1398,0.0692441134214994,0.987241570320872,289471,4180442,10273.678708,0.0248402541241687,Central Asia,8.45901145409833e-5
KAZ,Kazakhstan,2000.5,VR-WHO,VR,5588.489,0.058600453737361,0.989916361642381,243340.4,4152534.4,10876.130016,0.0160407412597661,Central Asia,6.76766418124974e-4
KAZ,Kazakhstan,2005.5,VR-WHO,VR,8767.5624,0.0675908497719114,0.992034910069124,291802,4317182,11508.902178,0.0126203550041799,Central Asia,0.00729468869918704
KEN,Kenya,1993.35,DHS 1998,Sisterhood,1347.94721,0.177598136080635,0.459736331893229,1025236.07,5772786.20499998,30167.9227819996,0.175041690141937,Eastern Africa,0.375493745266972
KEN,Kenya,1998.5,DHS 2003,Sisterhood,1300.72395,0.163047431830346,0.443360666909213,1141691.2,7002202.9,55647.969265,0.0585619603754287,Eastern Africa,0.640497890861024
KEN,Kenya,2004.003,DHS 2008-2009,Sisterhood,1337.7689548,0.159154530480536,0.425998429411833,1320010.6852,8293893.24459998,68990.1390524801,0.0864282503735589,Eastern Africa,0.701424018210678
KGZ,Kyrgyzstan,1990.5,VR-WHO,VR,2304.3896,0.131889570747132,0.985750937870738,136112.2,1032016.4,1860.052212,0.0664632690051511,Central Asia,1.03553956234959e-4
KGZ,Kyrgyzstan,1995.5,VR-WHO,VR,1372.0632,0.107627299784216,0.985043938814122,122458.6,1137802.4,2460.33081,0.0365016106780259,Central Asia,3.24900259673022e-4
KGZ,Kyrgyzstan,2000.5,VR-WHO,VR,1494.851,0.0840267766306847,0.984302419040111,108526.8,1291574,2507.030276,0.0318946603824928,Central Asia,0.00135526115350504
KGZ,Kyrgyzstan,2005.5,VR-WHO,VR,1758.2012,0.0811823224659657,0.983524749702188,113904.4,1403069,2686.783694,0.0399445324189955,Central Asia,0.00635230084043603
KHM,Cambodia,1996.83,DHS 2000,Sisterhood,853.893909999997,0.140480258710295,0.272052219954746,374430.734285715,2665361.9357142802,11762.5182080428,0.141045273650927,South-Eastern Asia,0.150921873757791
KHM,Cambodia,2002.434,DHS 2005,Sisterhood,1187.77217028571,0.101172197435558,0.464497018534968,328872.346285714,3250619.78114285,13376.0294439143,0.141021551059831,South-Eastern Asia,0.224009695171952
KHM,Cambodia,2007.298,DHS 2010,Sisterhood,1692.35285371429,0.0871059075675404,0.643032355295133,319437.778285714,3667234.37257143,12575.8076078,0.0700785441971048,South-Eastern Asia,0.142884475135415
KHM,Cambodia,2007.66758241758,2008 Census,RHHD_Census,1815.59231043932,0.0862641163481091,0.655674835152791,319261.274725275,3700974.26648332,12106.9891326922,0.110316850919627,South-Eastern Asia,0.106617490888108
KOR,Republic of Korea,1990.5,VR-WHO,VR,11437.7568,0.0548766154338331,0.98,673033.8,12264491.8,14693.2411,0.00934240105299585,Eastern Asia,6.70189260709719e-5
KOR,Republic of Korea,1995.5,VR-WHO,VR,15608.8564,0.0517198809341784,0.994278571428571,665283.4,12863204.4,12354.854868,0.0102926556281279,Eastern Asia,1.32741766762035e-4
KOR,Republic of Korea,2000.5,VR-WHO,VR,18416.9386,0.0412692782437547,0.99999,542552.6,13146646.2,10244.840082,0.0098203976679887,Eastern Asia,1.97466916764033e-4
KOR,Republic of Korea,2005.5,VR-WHO,VR,22944.1214,0.0358621040002162,0.99999,469593,13094407.4,9274.119796,0.0084640500291149,Eastern Asia,3.68840009300042e-4
KOR,Republic of Korea,1996,MMR/COD 1995-1996,Inquiry,16232.838,0.0513231564617337,0.995706428571429,662692.5,12912154,12345.786265,0.0115160171336117,Eastern Asia,1.38796443533984e-4
KWT,Kuwait,1990.5,VR-WHO,VR,29501.7424,0.0787240789899939,0.973488429688302,41506.2,527236.4,285.7614302,0.0197724455153787,Western Asia,0
KWT,Kuwait,1995.5,VR-WHO,VR,40277.4541,0.0899353987325262,0.985815496829273,37510.4,417081.6,269.7840284,0.0151027725749012,Western Asia,0
KWT,Kuwait,2000.5,VR-WHO,VR,38466.2108,0.0857984303665706,0.992455277634441,40751.2,474964.4,253.7946856,0.0128256621407427,Western Asia,0
KWT,Kuwait,2005.5,VR-WHO,VR,47190.2786,0.076019621193232,0.995999582637031,42562.2,559884.4,259.875864,0.0102488981739006,Western Asia,0
LAO,Lao People's Democratic Repblic,2004.66208791209,2005 Census,RHHD_Census,1622.91203296723,0.106300997331774,0.201911767283587,149970.651098896,1410811.32692317,6069.74833925808,0.300239361534784,South-Eastern Asia,0.00133514522543199
LAO,Lao People's Democratic Repblic,1994.66208791209,1995 Census-a,RHHD_Census,1074.97914835175,0.166044505697909,0.186068450671058,178405.519230766,1074443.97802205,6778.80001752724,0.247499821386584,South-Eastern Asia,2.42131995298323e-6
LBN,Lebanon,2008.5,MMR in Lebanon in 2008,Inquiry,11016.745,0.0557280226319118,0.98,65558,1176392,1201.132814,0.0131420265164298,Western Asia,0.0578214958333489
LBR,Liberia,2003.635,DHS 2007,Sisterhood,395.575348571429,0.178738086438148,0.477189639282627,129974.502142857,727178.547857143,5598.42378853572,0.303612819751564,Western Africa,0.305344254333948
LCA,Saint Lucia,1990.5,VR-WHO,VR,6661.2572,0.1162617335194,0.999214598417289,3899,33536.4,53.8196022,0.0275799422345714,Caribbean,0
LCA,Saint Lucia,1995.5,VR-WHO,VR,7840.6974,0.0951571655174646,0.998476182640192,3527.4,37069.2,55.6856232,0.0109664184640547,Caribbean,0
LCA,Saint Lucia,2000.5,VR-WHO,VR,8195.7426,0.0738967895726929,0.997045578708416,3087.6,41782.6,54.83198872,0.0278248425213018,Caribbean,0
LCA,Saint Lucia,2005.5,VR-WHO,VR,8697.0638,0.0637896439160253,0.994279577096839,2982,46747.4,55.38223952,0.0925917033765369,Caribbean,0
LKA,Sri Lanka,1995.5,ARFH Sri Lanka 2006-2007,Surveillance,2463.268,0.068507206719168,0.947929655723624,335629,4899178,8782.911,0.0256410021099987,Southern Asia,3.52161145660279e-5
LKA,Sri Lanka,1996.5,ARFH Sri Lanka 2006-2007,Surveillance,2541.384,0.067134155785072,0.952499823746236,332907,4958832,8842.9239,0.0256742381310594,Southern Asia,5.85213675760032e-5
LKA,Sri Lanka,1997.5,ARFH Sri Lanka 2006-2007,Surveillance,2691.306,0.0661714584883019,0.956687200123193,331903,5015803,8895.7133,0.025854830689447,Southern Asia,9.47647447220312e-5
LKA,Sri Lanka,1998.5,ARFH Sri Lanka 2006-2007,Surveillance,2805.297,0.0656609147521827,0.960520738533514,332986,5071297,8215.25128,0.0236283120171943,Southern Asia,1.63099089039997e-4
LKA,Sri Lanka,1999.5,ARFH Sri Lanka 2006-2007,Surveillance,2910.216,0.0655945211424147,0.96402773527796,336163,5124864,8090.07451,0.0255928200483082,Southern Asia,2.58749162002969e-4
LKA,Sri Lanka,2000.5,ARFH Sri Lanka 2006-2007,Surveillance,3062.616,0.065938400902402,0.967233827953653,341324,5176407,8177.91968,0.0257048142044116,Southern Asia,3.8897422871198e-4
LKA,Sri Lanka,2001.5,ARFH Sri Lanka 2006-2007,Surveillance,2987.128,0.0665033743741635,0.970163015884451,348158,5235193,6713.97837,0.0267999856453107,Southern Asia,6.79075765326997e-4
LKA,Sri Lanka,2002.5,ARFH Sri Lanka 2006-2007,Surveillance,3071.1,0.0672790326407196,0.972837697721092,355897,5289865,6629.93751,0.0312840914360912,Southern Asia,8.21606537284025e-4
LKA,Sri Lanka,2003.5,ARFH Sri Lanka 2006-2007,Surveillance,3213.931,0.0681233694830724,0.97527872223817,363723,5339181,6781.71627,0.0253493243318074,Southern Asia,0.00133961664544802
LKA,Sri Lanka,2004.5,ARFH Sri Lanka 2006-2007,Surveillance,3347.327,0.0689261510434442,0.977505448931509,371009,5382703,6523.61582,0.0237474111461584,Southern Asia,0.00173517268832701
LKA,Sri Lanka,2005.5,ARFH Sri Lanka 2006-2007,Surveillance,3514.691,0.0695792999700312,0.979535815549524,377048,5418968,6416.68109,0.0284145031830772,Southern Asia,0.00176454148822303
LKA,Sri Lanka,2006.5,ARFH Sri Lanka 2006-2007,Surveillance,3742.77,0.0701016419106156,0.981386410170396,381255,5438603,6305.79409,0.0261040585704859,Southern Asia,0.00227235456716302
LKA,Sri Lanka,2007.5,ARFH (Annual report on Family Health) 2010,Surveillance,3955.744,0.0703218376893554,0.983072545861774,383491,5453370,5950.4249,0.0271798773619217,Southern Asia,0.00291590941682196
LKA,Sri Lanka,2008.5,ARFH (Annual report on Family Health) 2011,Surveillance,4149.858,0.0702506473737541,0.984608336332038,383741,5462455,5790.10895,0.0243733150810708,Southern Asia,0.00334867619373502
LSO,Lesotho,1999.894,DHS 2004,Sisterhood,1079.9922738,0.131105581859129,0.594335070314853,62383.1688,475823.8964,5953.454415922,0.0503209773214789,Southern Africa,0.721949875546949
LSO,Lesotho,2004.93,DHS 2009,Sisterhood,1205.746416,0.119404483551398,0.592431103060322,61431.535,514482.649,8686.89090027001,0.0574253091676493,Southern Africa,0.848886351942296
LSO,Lesotho,1995.78296703297,1996 Census,RHHD_Census,994.38485164843,0.141696309641828,0.595887236506671,61861.552197804,436578.428571459,2118.13862318858,0.0859520597455195,Southern Africa,0.438913289000375
LTU,Lithuania,1990.5,VR-WHO,VR,11720.4298,0.0588857151481682,0.999989999999999,54231.4,920960.2,1303.575435,0.0142990518781104,Developed regions,1.48381467393044e-4
LTU,Lithuania,1995.5,VR-WHO,VR,7720.7566,0.0481265187861483,0.999989999999999,43499,903846.8,1519.9842796,0.00613383152230259,Developed regions,3.95921898662999e-4
LTU,Lithuania,2000.5,VR-WHO,VR,9807.8592,0.0382199435630571,0.999989999999999,33906.8,887149.4,1251.54444,0.00573797122500221,Developed regions,0.00122563966433797
LTU,Lithuania,2005.5,VR-WHO,VR,14378.505,0.0362851755721577,0.999989999999999,32195.8,887299,1281.3558572,0.00280000101102334,Developed regions,0.00185525186582602
LUX,Luxembourg,1990.5,VR-WHO,VR,42632.4082,0.0498540504609693,0.999970441370623,4830,96882.8,90.70347708,0.00322456841898208,Developed regions,0.011304330172383
LUX,Luxembourg,1995.5,VR-WHO,VR,48663.2246,0.052345253359743,0.999885446619895,5380.6,102790.6,94.72750426,0.00583760395141829,Developed regions,0.03575536749172
LUX,Luxembourg,2000.5,VR-WHO,VR,59413.2194,0.0497099030068609,0.999556161069199,5408,108791.2,87.64188534,0.00672753337928859,Developed regions,0.010361385943494
LUX,Luxembourg,2005.5,VR-WHO,VR,68549.1366,0.0468083169661769,0.99828196522683,5348,114253.2,80.27599674,0.0112065745262937,Developed regions,0.00450837291738704
LVA,Latvia,1990.5,VR-WHO,VR,9259.846,0.0549260423142454,0.999843590568945,35429,645031,1014.0005436,0.020004166553502,Developed regions,3.34239318476981e-4
LVA,Latvia,1995.5,VR-WHO,VR,6308.4506,0.0396853318184612,0.999578330084872,23891.8,602031,1200.9187228,0.011223303804245,Developed regions,0.00106916980018301
LVA,Latvia,2000.5,VR-WHO,VR,8645.1018,0.032742344546519,0.998863715882623,19378,591833,963.0091302,0.00862885581059246,Developed regions,0.00416557455717803
LVA,Latvia,2005.5,VR-WHO,VR,13309.8704,0.0369418252073791,0.996941733060496,21759.4,589018,886.1425272,0.00495840505534948,Developed regions,0.0116602483364741
MAR,Morocco,2009.5,National Demographic Survey 2009-2010/Census?,Survey,4126.658,0.069482772219155,0.775607830031747,625486,9002030,8502.93053,0.0901635559958638,Northern Africa,0.031988968866714
MAR,Morocco,1998.975,DHS 2003-2004,Sisterhood,2932.83864999999,0.0858540167146931,0.554307794574307,647151.737500001,7537815.49499998,8915.694615725,0.164462151436935,Northern Africa,0.0145309304737899
MAR,Morocco,1988.663,DHS 1992,Sisterhood,2598.457414,0.129769658313219,0.313591297794209,747788.049571428,5762425.973,8785.05496102429,0.264057108421492,Northern Africa,0.00363385297915597
MDA,Republic of Moldova,1990.5,VR-WHO,VR,4074.6466,0.0724736113059653,0.997738097926106,79966.6,1103389.2,1884.2871546,0.0263774416312113,Developed regions,3.20015710068011e-4
MDA,Republic of Moldova,1995.5,VR-WHO,VR,1988.984,0.0530227182209303,0.996509842236552,59801.8,1127852.4,2159.7235642,0.0170022832177312,Developed regions,9.74987756264034e-4
MDA,Republic of Moldova,2000.5,VR-WHO,VR,1723.5566,0.0444224302084365,0.994618218035553,48626.8,1094645.2,1938.4794998,0.0108019726445831,Developed regions,0.00371839538934804
MDA,Republic of Moldova,2005.5,VR-WHO,VR,2326.9704,0.043509000745229,0.991709885013657,44861.8,1031092.4,1730.8375422,0.00671561564573425,Developed regions,0.00829767421191396
MDG,Madagascar,1985.621,DHS 1992,Sisterhood,1026.34576321428,0.199210605488228,0.574431053023535,440080.203928572,2209120.35707144,14177.3934334429,0.229290845446448,Eastern Africa,0.013562317405007
MDG,Madagascar,1994.331,DHS 1997,Sisterhood,902.358176857145,0.19351428482762,0.522076660031236,563373.923285713,2911278.22314285,14433.5975117286,0.213662726955795,Eastern Africa,0.01498490846517
MDG,Madagascar,2001.566,DHS 2003-2004,Sisterhood,868.948162,0.175857739160703,0.478165580926648,638200.1324,3629070.4944,11610.99519292,0.223233132340513,Eastern Africa,0.024523482312814
MDG,Madagascar,2005.761,DHS 2008-2009,Sisterhood,874.636842857142,0.162122157496589,0.452815585124275,675372.131285714,4165822.499,10617.6437245143,0.180438931455065,Eastern Africa,0.031925808626652
MDV,Maldives,2000.5,VR-WHO,VR,3441.0816,0.0895826932083611,0.845154842850418,6006,67044.2,91.80104316,0.160098635002259,Southern Asia,0.00617941666786603
MDV,Maldives,2005.5,VR-WHO,VR,4351.4334,0.0646117253947505,0.860467236970193,5367.8,83077.8,65.22098972,0.123839035203927,Southern Asia,0.00951440091131805
MEX,Mexico,1990.5,VR-WHO,VR,9958.6858,0.113112131932285,0.822446037063419,2379417.6,21035918.6,26466.46154,0.0818251837477713,Central America,0.013393217620713
MEX,Mexico,1995.5,VR-WHO,VR,10359.7794,0.0970535169545659,0.868659130590198,2336027.2,24069475,26525.01512,0.0733419845917271,Central America,0.029055532267895
MEX,Mexico,2000.5,VR-WHO,VR,11492.03,0.0849424719725166,0.904244463022548,2288105,26937113.4,27331.5199,0.067575989862493,Central America,0.033617630770419
MEX,Mexico,2005.5,VR-WHO,VR,12269.6118,0.0792630150822481,0.930954699121906,2295049.6,28954861.2,28268.63526,0.0425102774030513,Central America,0.032733063788491903
MKD,The former Yugoslav Republic of Macedonia,1990.5,VR-WHO,VR,8011.3522,0.0670233598164554,0.884514654028551,32905.4,490954.2,463.8334958,0.0109442430448641,Transition countries of South-Eastern Europe,0
MKD,The former Yugoslav Republic of Macedonia,1995.5,VR-WHO,VR,6499.9926,0.0585835274651107,0.945677516943679,29598.8,505241,500.3114652,0.00836179304016871,Transition countries of South-Eastern Europe,0
MKD,The former Yugoslav Republic of Macedonia,2000.5,VR-WHO,VR,6938.7056,0.049168272995371,0.97535028700485,25568.8,520026.4,507.4273406,0.00761210798402874,Transition countries of South-Eastern Europe,0
MKD,The former Yugoslav Republic of Macedonia,2005.5,VR-WHO,VR,7690.185,0.0442709701689737,0.989003267041072,23254,525265.2,440.47421,0.00540978194383424,Transition countries of South-Eastern Europe,0
MLI,Mali,1992.621,DHS 1995-1996,Sisterhood,673.709409142857,0.222082864252754,0.37715750035519,448781.135428572,2020782.364,14622.5220382572,0.313101406510348,Western Africa,0.027867453127011
MLI,Mali,1997.703,DHS 2001,Sisterhood,714.642122571428,0.220653231841629,0.420227260989957,515009.233714285,2334020.80457143,15823.1526692428,0.242718705710027,Western Africa,0.119645639960026
MLI,Mali,2003.162,DHS 2006,Sisterhood,840.740962857144,0.217558025192674,0.467866147801748,602430.579714286,2769057.03285715,17091.1547231714,0.219712335966989,Western Africa,0.170042327154283
MLT,Malta,1990.5,VR-WHO,VR,13440.84,0.0611877725934085,0.98,5788.4,94600.6,60.267493132,0.00487780530593893,Developed regions,0.013077937254978
MLT,Malta,1995.5,VR-WHO,VR,16684.9896,0.051517970776344,0.98,5116.6,99316.8,60.1457429,0.0157022766817934,Developed regions,0.040137860755654
MLT,Malta,2000.5,VR-WHO,VR,19927.8108,0.0427133601001841,0.98,4236.2,99177.4,60.23526766,0.0211951380841368,Developed regions,0.00929101130481502
MMR,Myanmar,2004.74725274725,NMMS2004-2005,RHHD_Survey,988.47897784929,0.065715981510953,0.645059198441367,865568.29670332,13171351.5769228,38204.3288049446,0.0773784135086023,South-Eastern Asia,0.100480569513861
MMR,Myanmar,1999.16620879121,NMS 1999/CSO,RHHD_Survey,623.68671049649,0.0769542324372839,0.572653922541373,945673.138736245,12288773.5837915,36036.6681594788,0.0614075706735733,South-Eastern Asia,0.042282259811756
MNE,Montenegro,1995.5,VR-WHO,VR,7146.058,0.0536851483991587,0.991,8821.2,164313.6,169.62150068,0.00833333333333334,Transition countries of South-Eastern Europe,0
MNE,Montenegro,2005.5,VR-WHO,VR,8514.7846,0.0505158536706695,0.990718920278767,8124,160820.8,156.11321922,0.00196580406524245,Transition countries of South-Eastern Europe,0
MOZ,Mozambique,1999.288,DHS 2003,Sisterhood,499.2433352,0.177448809292178,0.467052446890905,766160.792,4317644.0296,37495.10956312,0.115983897877574,Eastern Africa,0.277183039677017
MRT,Mauritania,1997.124,DHS 2000-2001,Sisterhood,1546.00424685714,0.164187609694224,0.507658413054453,92909.1222857143,565871.702857143,2367.75797509714,0.34754720770158,Western Africa,0.023293777055852002
MUS,Mauritius,1990.5,VR-WHO,VR,6077.4278,0.0776285450461153,0.963704185929767,23001.4,296300.8,414.3395654,0.0391459135490827,Eastern Africa,6.57875152690002e-4
MUS,Mauritius,1995.5,VR-WHO,VR,7375.4314,0.0696466868435821,0.975838197646957,22238.8,319308.8,400.6578266,0.0372952938532627,Eastern Africa,0.00212938525947803
MUS,Mauritius,2000.5,VR-WHO,VR,8938.5002,0.0612871734191425,0.983983121546849,20604,336187.8,408.3034244,0.0139685940576127,Eastern Africa,0.00604253323764103
MUS,Mauritius,2005.5,VR-WHO,VR,10283.561,0.0527974900255804,0.989412188411782,18497.4,350346.2,428.3136928,0.0142855812094942,Eastern Africa,0.013881530758603
MWI,Malawi,1989.264,DHS 1992,Sisterhood,586.774524000002,0.20618908011725,0.516703468925987,420344.003999999,2038633.68399999,16643.4173926856,0.186876555104097,Eastern Africa,0.162047268105474
MWI,Malawi,1997.201,DHS 2000,Sisterhood,642.015539142857,0.199543282335413,0.563679718876882,475202.600857143,2381451.25857143,29735.2896230286,0.1505055237608,Eastern Africa,0.573448136553559
MWI,Malawi,2001.42,DHS 2004,Sisterhood,646.186662857143,0.196558123680721,0.588245890511707,507857.022857144,2583749.85142858,36007.7627782858,0.107855867161459,Eastern Africa,0.727896770863398
MWI,Malawi,2007.165,DHS 2010,Sisterhood,698.423061428571,0.198265910511511,0.620981842155703,594124.984285714,2996606.84357143,33069.0316165715,0.0832025734738538,Eastern Africa,0.758721429786622
NAM,Namibia,1987.705,DHS 1992,Sisterhood,4217.82158,0.170613292518933,0.652383860540138,49953.5524999999,292788.162999999,762.303390238498,0.122045547084137,Southern Africa,0.093421111698807
NAM,Namibia,1995.841,DHS 2000,Sisterhood,4323.43179579999,0.139130127874342,0.737001682118717,57336.9323999999,412110.110699999,1830.53707846877,0.058012526701519,Southern Africa,0.473155136514449
NAM,Namibia,2001.995,DHS 2006-2007,Sisterhood,4728.37752699999,0.120894212306324,0.791449697762974,59190.7385,489607.710499999,4311.01553088996,0.0259512652735394,Southern Africa,0.763056765666099
NER,Niger,1988.832,DHS 1992,Sisterhood,717.83364342857,0.246605560578604,0.151418121722096,416953.124000001,1690769.35257143,13868.9526713143,0.290445646324819,Western Africa,0.00148874330718296
NER,Niger,2001.203,DHS 2006,Sisterhood,617.9574476,0.239381979664445,0.168774261271466,587088.2432,2452516.451,14084.04688666,0.360373169187194,Western Africa,0.0730179188285059
NGA,Nigeria,2005.121,DHS 2008,Sisterhood,1708.18198171429,0.17877812624169,0.394934643747008,5699438.47128572,31879954.1705715,264551.900410714,0.180843562961534,Western Africa,0.346799568584307
NIC,Nicaragua,2004.71840659341,2005 Census,RHHD_Census,2288.69160611844,0.0989579463374218,0.716540121936181,137841.313575526,1392928.19502864,1919.97441455055,0.0783000844176168,Central America,0.028868514422816
NLD,Netherlands,1990.5,VR-WHO,VR,25961.6942,0.0480636401405853,0.99999,190073,3954611,3028.610212,0.0061357218133254,Developed regions,0.018317187572344
NLD,Netherlands,1995.5,VR-WHO,VR,28611.5294,0.0484551337869194,0.99999,194675.4,4017642.4,3320.867528,0.00624855713138971,Developed regions,0.047098405445278
NLD,Netherlands,2000.5,VR-WHO,VR,33146.9526,0.0499166507779976,0.99999,197662.2,3959845,3285.6471778,0.00781953435229336,Developed regions,0.008425159784341
NLD,Netherlands,2005.5,VR-WHO,VR,35448.7958,0.0492519665243959,0.99999,193362.6,3925987.4,2936.0579804,0.00539564661861245,Developed regions,0.003243712406934
NOR,Norway,1990.5,VR-WHO,VR,32410.9732,0.0553885767505743,1,58329.4,1053094.4,797.6674472,0.00662836791293945,Developed regions,0.010762300113481
NOR,Norway,1995.5,VR-WHO,VR,37753.2926,0.0560563651114077,1,60169.4,1073373.2,789.5367748,0.00266461095492591,Developed regions,0.032647317797036
NOR,Norway,2000.5,VR-WHO,VR,43437.4232,0.0542167412367242,1,57956.2,1068972.4,772.7206306,0.00615636927963351,Developed regions,0.00632828298666499
NOR,Norway,2005.5,VR-WHO,VR,47071.897,0.0534525031313206,1,58030.4,1085644.2,728.7798154,0.00738139690237177,Developed regions,0.00272321557937405
NPL,Nepal,1992.746,DHS 1996,Sisterhood,754.966739714288,0.162440037663824,0.0628856145432618,763379.713428572,4699455.4077143,22437.7953606857,0.225439157720301,Southern Asia,0.011482284926785
NPL,Nepal,2002.863,DHS 2006,Sisterhood,921.416387714286,0.12505380790346,0.189124498148637,790417.167571428,6320616.54757144,17477.5490883143,0.1056882466969,Southern Asia,0.059367468142933
NZL,New Zealand,1990.5,VR-WHO,VR,18849.2378,0.063558019934489507,0.95,57292,901412.6,884.339594,0.0114205301138312,Developed regions,0.00912124548211501
NZL,New Zealand,1995.5,VR-WHO,VR,20468.8622,0.0596080637272898,0.99999,57477.6,964258.8,885.4844534,0.0083113971671372,Developed regions,0.012269988750038
NZL,New Zealand,2000.5,VR-WHO,VR,22511.9958,0.0562426578690058,0.99999,55967.8,995113,831.9444188,0.00828606631403611,Developed regions,0.00181949773662005
NZL,New Zealand,2005.5,VR-WHO,VR,25190.2134,0.0567796272811542,0.99999,59905.8,1055058,849.0398858,0.0104205619304236,Developed regions,0.00180370380506001
OMN,Oman,2008.5,Surveillance,Surveillance&VR,24646.045,0.0763990245092815,0.982092781901959,49466,647469,524.952791,0.0254861272849069,Western Asia,0.0100875737605139
OMN,Oman,2009.5,Surveillance,Surveillance&VR,24226.471,0.0754347703672815,0.983874441683885,49566,657071,519.052469,0.0328527594464851,Western Asia,0.01770456851444
OMN,Oman,2010.5,Surveillance,Surveillance&VR,24226.471,0.0742015999425385,0.985481457651366,49587,668274,515.869276,0.0538146730980313,Western Asia,0.021837315234877
PAK,Pakistan,2005.206,DHS 2006-2007,Sisterhood,2105.58524733332,0.116100925368435,0.316459296476264,4491775.81466666,38688544.4746666,99433.1025066665,0.154523896348181,Southern Asia,0.00661876124471295
PAN,Panama,1990.5,VR-WHO,VR,6195.572,0.102199179046446,0.870485240085933,63215.2,618549,730.9735884,0.088397321194607,Central America,0.00678173319307895
PAN,Panama,1995.5,VR-WHO,VR,7242.6686,0.0940189293111926,0.884159479402428,65852.4,700416.4,832.140713,0.0859741507381567,Central America,0.033652070087261
PAN,Panama,2000.5,VR-WHO,VR,8040.4766,0.0889650878902488,0.896561541751731,69279,778721.2,894.6842542,0.0801852044495375,Central America,0.107491081977723
PAN,Panama,2005.5,VR-WHO,VR,9333.505,0.0825569850024852,0.907774320059058,70459.2,853461.4,971.7099678,0.0729703808940958,Central America,0.123175568391346
PER,Peru,2006.953,DHS 2010,Sisterhood,7079.83841399999,0.0817843662714835,0.794190641989859,604418.943142857,7390397.09785714,9799.36863693715,0.0209829011700196,South America,0.0840060797091789
PER,Peru,1993.257,DHS 1996,Sisterhood,4768.41542414286,0.112423232502041,0.529561655372814,643572.650857143,5724552.09242858,10643.3819230714,0.163023938848714,South America,0.012535296420715
PER,Peru,1997.217,DHS 2000,Sisterhood,5359.30899885716,0.100924852692368,0.616471068397873,633073.072857143,6272717.33342858,11267.3855533857,0.122456035253926,South America,0.033044332574355
PHL,Philippines,1990.5,VR-WHO,VR,2489.2322,0.136028179847688,0.510878173835415,2027585.8,14905630.6,31412.09396,0.0764406821461259,South-Eastern Asia,2.23857071401934e-6
PHL,Philippines,1995.5,VR-WHO,VR,2544.8974,0.125501965693706,0.539394883632439,2150574.4,17135782.6,29652.59134,0.0942734905661072,South-Eastern Asia,1.2368157311704e-4
PHL,Philippines,2000.5,VR-WHO,VR,2685.8788,0.117731771698163,0.56765601558325,2295400.2,19496862.8,30485.86788,0.0872506672179871,South-Eastern Asia,4.12176872578995e-4
PHL,Philippines,2005.5,VR-WHO,VR,3062.2762,0.108055629820267,0.59548355076109,2342802.8,21681450.6,34067.78442,0.0845520175354496,South-Eastern Asia,8.07394110227011e-4
PHL,Philippines,1994.5,NDHS 1998,Sisterhood,2518.05942857143,0.127426710375564,0.533706146199098,2125600.71428571,16680966.7142857,30113.2758571429,0.113513522257611,South-Eastern Asia,8.99429598789636e-5
PHL,Philippines,1989.87,DHS 1993,Sisterhood,2452.19054285714,0.137293609682572,0.50727617806365,2010620.83,14644678.9085714,31397.2488795714,0.123848038823924,South-Eastern Asia,3.63247774104458e-6
PHL,Philippines,2003.897,FPS 2006,Sisterhood,2917.37663785714,0.111331665077238,0.586619714511068,2337078.11128571,20992034.1141428,33183.6114217571,0.0899059367923904,South-Eastern Asia,6.70546830597973e-4
POL,Poland,1990.5,VR-WHO,VR,7967.1498,0.0591964712480652,0.994758942921877,556843.6,9406702.6,10843.185398,0.00872346836594042,Developed regions,0.00415887552093297
POL,Poland,1995.5,VR-WHO,VR,9043.361,0.0459286401225324,0.996563573240998,454016.2,9885252.4,11299.555368,0.00566027016871285,Developed regions,0.011508217909951
POL,Poland,2000.5,VR-WHO,VR,11558.1346,0.0372877321156157,0.997748229653306,375991.6,10083520.2,10334.929242,0.00297112200569029,Developed regions,0.00343109583741796
POL,Poland,2005.5,VR-WHO,VR,14000.5594,0.0375234407789508,0.998525098010599,371224,9893122.6,8745.19867,0.0021406730140253,Developed regions,0.00301982574737303
PRI,Puerto Rico,1990.5,VR-WHO,VR,18009.886382,0.0682734449100014,1,63776,934126,1319.9943452,0.0171618697636994,Caribbean,0
PRI,Puerto Rico,1995.5,VR-WHO,VR,20102.325324,0.0622475895877835,1,60595.8,973464.2,1523.4455232,0.0109264570983986,Caribbean,0
PRI,Puerto Rico,2000.5,VR-WHO,VR,24490.830498,0.0561686495546384,1,55227.6,983246,1243.0256728,0.0122231058351889,Caribbean,0
PRI,Puerto Rico,2005.5,VR-WHO,VR,25774.668484,0.053777529029805,1,52020.8,967333.4,1028.7522722,0.00979298316206319,Caribbean,0
PRT,Portugal,1990.5,VR-WHO,VR,16112.7672,0.0465058135499224,0.983511038055444,115103.2,2475028.2,2524.811332,0.00640324355189748,Developed regions,0.032455328491042
PRT,Portugal,1995.5,VR-WHO,VR,17593.9692,0.0438545334562414,0.993581491922324,113293.6,2583395.4,2548.056974,0.00349700223605761,Developed regions,0.109290611300376
PRT,Portugal,2000.5,VR-WHO,VR,20791.2638,0.0432442106876618,0.997517052997822,113754,2630502.4,2418.472737,0.00323964887105313,Developed regions,0.0855199848157649
PRT,Portugal,2005.5,VR-WHO,VR,21414.436,0.041474596959377,0.999041819538721,108514.6,2616411.2,2062.4981444,0.00374191841758633,Developed regions,0.072455753600784
PRY,Paraguay,1985.5,RHS 1995,Sisterhood,3784.34571428571,0.156757688173617,0.627490664635896,133860.428571429,853932.142857143,1134.40668,0.207405643427254,South America,2.62427932811948e-4
PRY,Paraguay,1989,RHS 1995,Sisterhood,3929.803,0.146473417945547,0.645029535030628,138921.928571429,948444.642857143,1113.9432655,0.221245426932908,South America,0.00558943366849396
PRY,Paraguay,1992.49,RHS 1995,Sisterhood,4074.6941,0.13808104047781,0.662138742404501,143973.41,1042673.27,1093.21662327143,0.185212070937603,South America,0.010869147084075
PRY,Paraguay,2001.5,2002 Census,RHHD_Census,3793.76,0.112815807346836,0.704320479736573,150492,1333962,1514.57147,0.0967704839203335,South America,0.083191848318653
ROU,Romania,1990.5,VR-WHO,VR,7660.746,0.0567217933324027,0.994131808082302,316618.6,5581956.8,7901.50075,0.0690067910925144,Developed regions,7.52748267107028e-4
ROU,Romania,1995.5,VR-WHO,VR,7005.807,0.0426498834068268,0.991645069569345,244936.6,5742960.6,8490.615118,0.0207694710820746,Developed regions,0.00246242809142305
ROU,Romania,2000.5,VR-WHO,VR,7094.7724,0.0394051540968544,0.988117132561802,225007,5710090.6,7571.823706,0.0153278386478694,Developed regions,0.00340047628441997
ROU,Romania,2005.5,VR-WHO,VR,9498.8742,0.0387665209179067,0.983124846313428,218521.8,5636869,6339.710958,0.0104554605682064,Developed regions,0.00760108033392504
RUS,Russian Federation,1990.5,VR-WHO,VR,12187.8182,0.0551239862185555,0.990418159799352,1993727.2,36168052,52862.82468,0.0279639994972554,Developed regions,0
RUS,Russian Federation,1995.5,VR-WHO,VR,8136.1248,0.0373215052000945,0.991778602602368,1428586,38277823.8,87443.99354,0.0119903690347193,Developed regions,2.20991465842979e-4
RUS,Russian Federation,2000.5,VR-WHO,VR,8478.014,0.0340457050422547,0.992947263340548,1348277.8,39601993.8,91003.8506,0.00844710065538934,Developed regions,0.00935667988787403
RUS,Russian Federation,2005.5,VR-WHO,VR,12025.383,0.0386506679600452,0.993950813747197,1533318,39671190.2,98091.43434,0.0049811512003393,Developed regions,0.102671289962448
RWA,Rwanda,1997.992,DHS 2000,Sisterhood,650.492128799999,0.178760046467869,0.350808695294998,279212.3776,1561939.5,14587.74626088,0.146023838236287,Eastern Africa,0.379291479204639
RWA,Rwanda,2002.845,DHS 2005,Sisterhood,735.965466000001,0.159969827765006,0.457674845035601,339581.085,2122782.088,16845.6136888,0.153358754570667,Eastern Africa,0.375540331143507
SAU,Saudi Arabia,1997.82967032967,offical statistics,Inquiry,20113.3161758241,0.135146498846823,0.923208956424378,571437.835164836,4228284.41758237,4891.10347835164,0.029558518427712,Western Asia,0
SDN,Sudan,2006.5,Household survey 2006,RHHD_Survey,1751.463,0.14619492935331,0.225314993206908,1366878,9349695,41268.363,0.400943239502406,Eastern Africa,0.074245736376798
SEN,Senegal,1986.051,DHS 1992-1993,Sisterhood,1517.836195,0.21180136833913,0.408186362681663,292805.841,1382454.90714285,7503.75946691571,0.32470667432034,Western Africa,0.00756271618572801
SEN,Senegal,2001.762,DHS 2005,Sisterhood,1549.32575885714,0.17152008168175,0.553883269543379,395258.849999999,2304446.48885714,9449.87141459999,0.202243984761708,Western Africa,0.075535506563014
SGP,Singapore,1990.5,VR-WHO,VR,24830.7322,0.0608591363996417,0.99999,56824.2,933700.4,763.6168666,0.0048785804025369,South-Eastern Asia,0
SGP,Singapore,1995.5,VR-WHO,VR,32628.5592,0.0555175058716878,0.99999,57860.6,1042204.6,734.1230646,0.00524976137448298,South-Eastern Asia,0
SGP,Singapore,2000.5,VR-WHO,VR,36308.5468,0.0419922842266305,0.99999,47144.2,1122687.2,744.5807928,0.0111111111111111,South-Eastern Asia,0
SGP,Singapore,2005.5,VR-WHO,VR,45283.1854,0.0350772439268921,0.99999,40676,1159612.2,718.6932378,0.00626522798468501,South-Eastern Asia,0
SLE,Sierra Leone,2004.897,DHS 2008,Sisterhood,630.890910999998,0.168124248682975,0.426724402959769,208652.889857143,1241063.627,9170.17664135141,0.22978010593732,Western Africa,0.087147611969583
SLV,El Salvador,2005.91346153847,MoH,Surveillance,5783.14721154029,0.0792629056016191,0.944829863079659,126817.8076923,1599964.15384638,2937.01978077009,0.0322217930662412,Central America,0.095893289519288
SLV,El Salvador,2006.5,MoH,Surveillance,5909.165,0.0781712347631264,0.946320962368703,126304,1615735,2996.33116,0.0305139568978271,Central America,0.100122444409649
SLV,El Salvador,2007.5,MoH,Surveillance,6154.653,0.0768210547497889,0.94877583769253,125980,1639915,2867.82296,0.0256954569406364,Central America,0.112628988785277
SLV,El Salvador,2008.5,MoH,Surveillance,6274.846,0.0757059489989584,0.951124243902018,125889,1662868,2829.78441,0.0230899303134317,Central America,0.120503879657744
SLV,El Salvador,1988.349,RHS 1993,Sisterhood,3651.1869711,0.138382850350885,0.877918370642109,170884.6987,1234869.0482,2769.488036649,0.161700246148205,Central America,0.00597263457599295
SLV,El Salvador,1993.606,RHS 1998,Sisterhood,4210.2175428,0.122037007912745,0.903136415393183,166841.8932,1367141.788,2791.6574473700002,0.102327393497032,Central America,0.013717132251138
SLV,El Salvador,1998.065,RHS 2002-2003,Sisterhood,4864.47554400001,0.106582788226994,0.920769867243167,155397.648,1457999.463,2813.596964525,0.118885494651871,Central America,0.030369379327551
SRB,Serbia,1990.5,VR-WHO,VR,10677.141,0.0619445695612089,0.91993204794173,143137.2,2310730.4,2535.046362,0.00977690803716652,Transition countries of South-Eastern Europe,0.00250120132575005
SRB,Serbia,1995.5,VR-WHO,VR,5879.56,0.0518972289634184,0.958208534399033,129228.2,2490079,2947.61658,0.00842009263556075,Transition countries of South-Eastern Europe,0.00282340528585001
SRB,Serbia,2000.5,VR-WHO,VR,6786.4532,0.0491648988890156,0.978612360288733,123386.6,2509648.2,3086.301222,0.00372682844501542,Transition countries of South-Eastern Europe,0.00220530651922102
SRB,Serbia,2005.5,VR-WHO,VR,8532.434,0.0493205007876946,0.98916705836881,118834.6,2409436.2,2491.549537,0.00400775890706657,Transition countries of South-Eastern Europe,0.00184796515321695
STP,Sao Tome and Principe,2003.935,DHS 2008-2009,Sisterhood,1336.364024,0.140584229887885,0.80332531727531,5086.9565,36184.4035,38.48283450535,0.102557491767288,Middle Africa,0
SUR,Suriname,1990.5,VR-WHO,VR,5291.8718,0.0924601372004035,0.724208578700425,9607.2,103906.4,195.1123802,0.0530405236934922,South America,0.00755047026230005
SUR,Suriname,1995.5,VR-WHO,VR,4960.771,0.0892286226050341,0.797007362505076,10052.8,112663.4,241.4202384,0.0267627715599932,South America,0.056623405924537
SUR,Suriname,2000.5,VR-WHO,VR,5110.7082,0.0851843046318793,0.854451929320483,10462.2,122818.4,262.8322164,0.0580217537408229,South America,0.187436580018535
SUR,Suriname,2005.5,VR-WHO,VR,6077.285,0.075602098685517,0.897726371019146,9974.2,131930.2,257.23698,0.0474391299742699,South America,0.242665524431306
SUR,Suriname,1992.5,Confidential enquiry,Inquiry,5182.69033333333,0.0886925226941054,0.755162536926193,9562,107810.666666667,219.196053666667,0.10640684580751,South America,0.014741607942361
SVK,Slovakia,1990.5,VR-WHO,VR,11667.8756,0.0606958084942048,0.999891109761232,80437.8,1325261.2,1399.4375862,0.00828259946198499,Developed regions,0
SVK,Slovakia,1995.5,VR-WHO,VR,10698.479,0.047271940766713,0.999622772597922,66310.8,1402751.8,1333.157827,0.00510506066883693,Developed regions,0
SVK,Slovakia,2000.5,VR-WHO,VR,12952.5904,0.0376142154717644,0.998694038430794,54581.8,1451095,1326.344472,0.00543232231779086,Developed regions,0
SVK,Slovakia,2005.5,VR-WHO,VR,16531.5376,0.036627782648601503,0.995489078312161,53131.8,1450587.4,1233.927006,0.00246588854183792,Developed regions,0
SVN,Slovenia,1990.5,VR-WHO,VR,15654.124,0.0448858936936469,0.995753932231455,21783.6,485310.6,478.5456818,0.00470789765560239,Developed regions,5.82948325445032e-4
SVN,Slovenia,1995.5,VR-WHO,VR,15977.5986,0.0367204111082241,0.997242259374494,18683,508790.6,506.4497304,0.00407198496402978,Developed regions,0.00202522502695102
SVN,Slovenia,2000.5,VR-WHO,VR,19585.2988,0.0344038187472352,0.998209837562142,17685.4,514053.4,459.682114,0.00453270345790699,Developed regions,0.00125523687487905
SVN,Slovenia,2005.5,VR-WHO,VR,23748.8178,0.0371238366013877,0.998838327669266,18682.4,503245.4,374.8823309,0.00724459844490963,Developed regions,0.00177327090734403
SWE,Sweden,1990.5,VR-WHO,VR,24181.1376,0.0563937272498448,1,115293.4,2044436.6,1672.3843386,0.00384221470440684,Developed regions,0.011365739067445
SWE,Sweden,1995.5,VR-WHO,VR,24435.8506,0.0514256212032787,1,104965,2041103.2,1466.5025836,0.00309766634815733,Developed regions,0.0326961174615999
SWE,Sweden,2000.5,VR-WHO,VR,28667.6944,0.0464608472703649,1,92472,1990321,1260.2536764,0.00352300932339351,Developed regions,0.00695176149198196
SWE,Sweden,2005.5,VR-WHO,VR,32783.7032,0.0508198575255874,1,102906.4,2024925,1178.2244964,0.00313263223122557,Developed regions,0.00222250833676996
SWZ,Swaziland,2003.33,DHS 2006-2007,Sisterhood,4245.74987428571,0.128008305019489,0.725118212640085,34358.4185714286,268407.73,3989.63584984284,0.0100608913750978,Southern Africa,0.874076417797365
SYR,Syrian Arab Republic,2008.5,CBS: Central Bureau of Statistics,Estimation from CBS,4512.212,0.0944792957297875,0.954042665616974,463930,4910388,4959.83554,0.0979,Western Asia,0
SYR,Syrian Arab Republic,2008.5,Family Health Survey 2009-PAPFAM,Survey,4512.212,0.0944792957297875,0.954042665616974,463930,4910388,4959.83554,0.0847,Western Asia,0
TCD,Chad,1993.746,DHS 1996-1997,Sisterhood,807.318489428571,0.215745070857232,0.132694813295385,316204.467142858,1465639.358,7664.70284202862,0.351524152751624,Middle Africa,0.12826048115762
TCD,Chad,2001.25,DHS 2004,Sisterhood,863.536285714286,0.214148342110704,0.167721081666013,405351.607142857,1892854.28571429,13175.5582214286,0.363867168649838,Middle Africa,0.251001334852195
TGO,Togo,1995.742,DHS 1998,Sisterhood,839.743963999998,0.17419415675072,0.498512487099974,165587.2636,950590.230399999,4548.10145815999,0.178594642247638,Western Africa,0.164375157804739
THA,Thailand,1996,Mat mort study 1995-1996,Inquiry,5828.3785,0.0587213863470266,0.993,992029.5,16893836.5,36689.05215,0.0117028541780123,South-Eastern Asia,0.199531548396434
THA,Thailand,1997.5,Mat mort study 1997-1998,Surveillance,5818.837,0.055527064083639,0.993,966655,17408718,37119.5739,0.00941583268099023,South-Eastern Asia,0.2901491145619
THA,Thailand,1998.5,Mat mort study 1997-1998,Surveillance,5145.914,0.0536063603813833,0.993,952329,17765224,37938.5835,0.0087849301237827,South-Eastern Asia,0.302128818278099
THA,Thailand,2004.5,UMD MMR Thailand,Surveillance,6442.554,0.0478216977788643,0.975378214186199,902989,18882412,44230.3848,0.0102778161618031,South-Eastern Asia,0.19449971866399
THA,Thailand,2005.5,UMD MMR Thailand,Surveillance,6674.74,0.047321808943692,0.975218202129293,895413,18921783,39800.1784,0.00970315450873094,South-Eastern Asia,0.16778174793307
THA,Thailand,2006.5,UMD MMR Thailand,Surveillance,6954.422,0.0467427972451262,0.98003865159697,886508,18965660,37797.2633,0.0111815819547289,South-Eastern Asia,0.188529413980086
TLS,Timor-Leste,2006.354,DHS 2009-2010,Sisterhood,703.482877714286,0.186492888007863,0.251372208267615,40165.156,215370.979714286,472.781251019428,0.380592825233311,South-Eastern Asia,0
TTO,Trinidad and Tobago,1990.5,VR-WHO,VR,10843.8406,0.0819652577544162,0.978378723166599,26113,318586.2,507.9460772,0.0443634090934322,Caribbean,0.011871251865023
TTO,Trinidad and Tobago,1995.5,VR-WHO,VR,11171.1878,0.0600833773966921,0.977168559309883,20612.6,343066.6,627.9134878,0.0293071519715363,Caribbean,0.043717256576014
TTO,Trinidad and Tobago,2000.5,VR-WHO,VR,13928.3664,0.0503857287051226,0.975892330402968,18879.2,374693.4,692.7942584,0.014913915044625,Caribbean,0.105987020564146
TTO,Trinidad and Tobago,2005.5,VR-WHO,VR,20602.4642,0.0490061314643493,0.974546621249731,19351.6,394881.2,655.7846798,0.016435389874062,Caribbean,0.129850771206535
TUN,Tunisia,1993.91483516484,Mat mort study 1993-1994,Inquiry,4356.59511263764,0.09065981764386,0.82145588089705,198014.494505455,2184148.38736294,2543.59046074203,0.104250830401997,Northern Africa,7.59970680732969e-4
TUR,Turkey,2005.87225274725,NMMS 2005,RHHD_Survey,11668.4939252204,0.0688306950413242,0.883382277117314,1304489.62230671,18952149.4955634,19046.7435713575,0.0214531569456805,Western Asia,0.00126041577709302
TUR,Turkey,2007.5,NMMS 2007-2009,Surveillance,12488.229,0.06742579230187,0.893537411345762,1308513,19406713,18001.743,0.0173403551664458,Western Asia,7.3297346818002e-4
TUR,Turkey,2008.5,NMMS 2007-2009,Surveillance,12405.501,0.0665352728959282,0.899383044741253,1308319,19663540,17011.5989,0.0163938727251787,Western Asia,0.00131172267410995
TUR,Turkey,2009.5,NMMS 2007-2009,Surveillance,11655.231,0.0655543445695819,0.904941853117859,1304967,19906644,16171.0027,0.0163092126217125,Western Asia,0.00176259942124701
TUR,Turkey,2010.5,NMMS 2009-2010,Surveillance,12539.655,0.0644821863213855,0.910224208098228,1298255,20133545,15340.38196,0.0152379651864269,Western Asia,0.00218172533690897
TZA,United Republic of Tanzania,1991.718,DHS 1996,Sisterhood,822.7372586,0.191628235517898,0.387213908798437,1158115.7412,6043554.79280001,46398.7277373602,0.231241717919853,Eastern Africa,0.2397123512289
TZA,United Republic of Tanzania,1999.945,DHS 2004-2005,Sisterhood,877.407454999999,0.182572927746498,0.423206225353454,1407093.698,7707022.69699999,75203.5165727498,0.115795837844745,Eastern Africa,0.530504595376941
UGA,Uganda,1990.424,DHS 1995,Sisterhood,562.2419624,0.228561956586046,0.37728714266494,875666.110399999,3831197.9976,35044.29117568,0.119237588454121,Eastern Africa,0.369620846385133
UGA,Uganda,1995.955,DHS 2000-2001,Sisterhood,675.032653499999,0.227496707760504,0.391379126010541,1038821.6225,4566314.97099999,50390.8125419498,0.0821539405260487,Eastern Africa,0.543612211574094
UGA,Uganda,2001.551,DHS 2006,Sisterhood,813.684548499998,0.224186373620404,0.405823345275642,1213947.4254,5414902.81409999,56964.65907367,0.0634174150266379,Eastern Africa,0.588127970440607
UKR,Ukraine,1990.5,VR-WHO,VR,7808.6234,0.0542608111561989,0.999442797598994,671967.6,12384031.6,17254.943076,0.0189739733346629,Developed regions,0.012388036125027
UKR,Ukraine,1995.5,VR-WHO,VR,4199.5162,0.0396432656640377,0.998996053962153,501022.2,12638267.6,23329.850432,0.00939531704395963,Developed regions,0.039174578356037
UKR,Ukraine,2000.5,VR-WHO,VR,3798.2812,0.0322289929779098,0.998191776347631,406530.8,12613822.6,23116.6195,0.00535889916225471,Developed regions,0.128534683675889
UKR,Ukraine,2005.5,VR-WHO,VR,5667.4046,0.0356718469649029,0.99674527795276,440663.8,12353265.6,25753.457348,0.00242348721818771,Developed regions,0.252108412260448
URY,Uruguay,1990.5,VR-WHO,VR,7495.5496,0.0764280615532422,0.995114092433238,56767.6,742758.6,895.4573752,0.0248834223120821,South America,0.00400956287899101
URY,Uruguay,1995.5,VR-WHO,VR,8829.0594,0.072462470383474,0.99569533114332,56647,781742.6,897.701521,0.0219203899818585,South America,0.01225032394765
URY,Uruguay,2000.5,VR-WHO,VR,9448.2816,0.067363432330699,0.996207687879236,54200.2,804593.8,867.4112682,0.0215972005139648,South America,0.019273097648979
URY,Uruguay,2005.5,VR-WHO,VR,9629.85,0.0640553927720832,0.996659266732305,51671,806661.2,839.3979118,0.0185923999247126,South America,0.028192237727809
USA,United States of America,1990.5,VR-WHO,VR,31597.5736,0.0588621968859722,0.989999999998171,3930187.4,66769295.2,71402.1627,0.00655428987783854,Developed regions,0.031547121504273
USA,United States of America,1995.5,VR-WHO,VR,34116.4234,0.0564824048356394,0.989999999998171,3921100,69421619.2,78752.40242,0.00527123008442731,Developed regions,0.051483373286637
USA,United States of America,2000.5,VR-WHO,VR,38919.9846,0.0551642346133601,0.989999999998171,3972530.2,72012785.6,80370.93706,0.00671491636411832,Developed regions,0.0301160687759791
USA,United States of America,2005.5,VR-WHO,VR,42338.3514,0.0566484822507281,0.989999999998171,4163730.2,73501178.4,82633.65914,0.0119263510166535,Developed regions,0.031219073182766
UZB,Uzbekistan,1990.5,VR-WHO,VR,1933.223,0.148103536995528,0.940129691164902,711830.8,4806305.2,7446.782816,0.0567258384788299,Central Asia,0
UZB,Uzbekistan,1995.5,VR-WHO,VR,1508.6896,0.118595099397957,0.964849353084974,662410.2,5585477,9697.263882,0.0245456814538215,Central Asia,4.6873911550005e-6
UZB,Uzbekistan,2000.5,VR-WHO,VR,1634.2008,0.0891317001055769,0.979584233897568,573488.6,6434171,10607.17581,0.0179293258105248,Central Asia,1.46810486245985e-4
UZB,Uzbekistan,2005.5,VR-WHO,VR,2016.163,0.078316724028411,0.988217793052995,560433.6,7155988.8,10689.861026,0.0169795991397095,Central Asia,0.00232652767270902
VCT,Saint Vincent and the Grenadines,1995.5,VR-WHO,VR,4873.4434,0.0906497154261217,0.998190161152322,2452.8,27058,53.46460758,0.0627559583178516,Caribbean,0
VCT,Saint Vincent and the Grenadines,2000.5,VR-WHO,VR,6058.5724,0.0769197867062078,0.997811099366155,2158,28055.2,61.23168918,0.0226405905160246,Caribbean,0
VCT,Saint Vincent and the Grenadines,2005.5,VR-WHO,VR,7413.6354,0.0677448907196043,0.997352855510377,1967,29035.4,49.775431948,0.0203986136327454,Caribbean,0
VEN,Venezuela (Bolivarian Republic of),1990.5,VR-WHO,VR,10002.8192,0.113901098422558,0.950428831072346,562349.2,4937171,6503.661616,0.0809479174765125,South America,0.00235985157716601
VEN,Venezuela (Bolivarian Republic of),1995.5,VR-WHO,VR,10177.0244,0.0998889045350301,0.949044688688472,564651.6,5652796,7406.81739,0.0745904795138521,South America,0.00826521128327196
VEN,Venezuela (Bolivarian Republic of),2000.5,VR-WHO,VR,9508.6228,0.0903881264918156,0.947624027658135,575129.2,6362884.4,8193.92514,0.0634116171619206,South America,0.022836292854342
VEN,Venezuela (Bolivarian Republic of),2005.5,VR-WHO,VR,9814.8062,0.0835791257276939,0.946166004631399,590376.6,7063684.8,8687.188918,0.0633448661805397,South America,0.035818716442902
YEM,Yemen,1992.9,DHS 1997,Sisterhood,1851.79633,0.238738061577823,0.172665180154712,654247.990000001,2740442.75000001,11220.605138,0.357547871849853,Western Asia,0
ZAF,South Africa,1994.886,DHS 1998,Sisterhood,7518.52046371429,0.101035106723571,0.817243551185792,1077272.90257143,10662362.1977143,34399.4980783998,0.0435862475682975,Southern Africa,0.125329864411984
ZAF,South Africa,2001.27472527473,2001 Census,RHHD_Census,7679.7301648354,0.0899818061203017,0.908192615204956,1103229.72527475,12260586.5879129,84688.4748753272,0.0489282194227856,Southern Africa,0.564351275409038
ZAF,South Africa,2006.64010989011,2007 Community Survey,RHHD_Survey,9032.8447692307709,0.0831958359045136,0.950666761056822,1088441.02747253,13082878.6758242,138539.545066484,0.0194920644462138,Southern Africa,0.793904905234782
ZMB,Zambia,1993.275,DHS 1996,Sisterhood,1152.67135,0.193949618189175,0.482303796908851,370483.085714287,1910202.70714286,22647.880124643,0.0734597163401636,Eastern Africa,0.596536173612506
ZMB,Zambia,1998.621,DHS 2001-2002,Sisterhood,1042.02394028571,0.196902305791442,0.466432465513289,431501.439857144,2191449.39985715,31815.6207635001,0.0356426541647933,Eastern Africa,0.736486821389374
ZMB,Zambia,2004.037,DHS 2007,Sisterhood,1119.34812014286,0.199846566039734,0.450422453052327,493083.131,2467308.49957143,34421.4933654285,0.0257225436154575,Eastern Africa,0.74262309057314
ZWE,Zimbabwe,1989.729,DHS 1994,Sisterhood,220.36147187769,0.168756863235766,0.70598004026663,384353.0823,2277555.2646,10906.2852281661,0.10104493789518,Eastern Africa,0.434176097643846
ZWE,Zimbabwe,1997.268,DHS 1999,Sisterhood,254.86568981951999,0.13445243819145,0.685065607334734,382730.408,2846585.8496,40674.0915064002,0.052482585320634,Eastern Africa,0.872189575583642
ZWE,Zimbabwe,2000.872,DHS 2005-2006,Sisterhood,225.90037136184,0.125231425946767,0.67478868663359,375979.756,3002279.6048,54531.6623272802,0.0146659161006552,Eastern Africa,0.905383095076512
ZWE,Zimbabwe,2002.15384615385,2002 Census,RHHD_Census,204.869782880692,0.1211033628044,0.671091843268947,373005.730769225,3080060.88461543,62232.5597423151,0.032269358442339,Eastern Africa,0.919475669379831
ZWE,Zimbabwe,1992.12912087912,1992 Census-a,RHHD_Census,234.030732482198,0.156909994261812,0.699409759435263,389307.263736263,2481086.46978015,13589.4041980739,0.0772422311584099,Eastern Africa,0.615666816904937
